Timer; Mag_X;Mag_Y;Mag_Z;Light ;Position
2255;148;-129;-512;305280;0,00
2297;148;-129;-512;305280;0,00
2339;148;-129;-512;305280;0,00
2381;147;-129;-510;305280;0,00
2423;147;-129;-510;305280;0,00
2465;147;-129;-510;305280;0,00
2507;147;-129;-512;305280;0,00
2550;147;-129;-512;305280;0,00
2592;147;-129;-512;305280;0,00
2634;147;-129;-512;305280;0,00
2676;148;-130;-512;305280;0,00
2718;148;-130;-512;305280;0,00
2760;148;-130;-512;305280;0,00
2802;148;-129;-511;305280;0,00
2844;148;-129;-511;305280;0,00
2886;146;-129;-512;305280;0,00
2930;146;-129;-512;305280;0,00
2972;148;-129;-513;305280;0,00
3015;148;-129;-513;305280;0,00
3057;148;-129;-513;305280;0,00
3099;147;-129;-513;305280;0,00
3142;147;-129;-513;305280;0,00
3184;148;-130;-512;305280;0,00
3226;148;-130;-512;305280;0,00
3268;147;-129;-512;305280;0,00
3311;147;-129;-512;305280;0,00
3353;147;-129;-512;305280;0,00
3395;148;-130;-512;305280;0,00
3438;148;-130;-512;305280;0,00
3480;147;-129;-511;305280;0,00
3522;147;-129;-511;305280;0,00
3564;147;-129;-511;305280;0,00
3607;148;-129;-512;305280;0,00
3648;148;-129;-512;305280;0,00
3690;148;-131;-512;305280;0,00
3733;148;-131;-512;305280;0,00
3775;147;-130;-512;305280;0,00
3817;147;-130;-512;305280;0,00
3859;147;-130;-512;305280;0,00
3902;148;-131;-511;305280;0,00
3944;148;-131;-511;302400;0,00
3986;147;-130;-512;302400;0,00
4028;147;-130;-512;302400;0,00
4071;147;-130;-512;302400;0,00
4113;148;-129;-513;302400;0,00
4155;148;-129;-513;302400;0,00
4197;147;-130;-511;302400;0,00
4240;147;-130;-511;302400;0,00
4282;147;-130;-512;302400;0,00
4326;147;-130;-512;302400;0,00
4368;147;-130;-512;302400;0,00
4410;148;-129;-511;302400;0,00
4453;148;-129;-511;302400;0,00
4495;146;-129;-511;302400;0,00
4537;146;-129;-511;302400;0,00
4580;148;-129;-512;302400;0,00
4622;148;-129;-512;302400;0,00
4665;148;-129;-512;302400;0,00
4707;147;-129;-513;302400;0,00
4749;147;-129;-513;302400;0,00
4791;147;-130;-512;302400;0,00
4834;147;-130;-512;302400;0,00
4876;147;-129;-512;302400;0,00
4918;147;-129;-512;302400;0,00
4960;147;-129;-512;302400;0,00
5003;146;-131;-512;302400;0,00
5046;146;-131;-512;302400;0,00
5089;146;-129;-512;302400;0,00
5131;146;-129;-512;302400;0,00
5173;146;-129;-512;302400;0,00
5215;147;-128;-511;302400;0,00
5258;147;-128;-511;302400;0,00
5300;147;-129;-512;302400;0,00
5342;147;-129;-512;302400;0,00
5384;147;-129;-511;302400;0,00
5427;147;-129;-511;302400;0,00
5469;147;-129;-511;302400;0,00
5511;147;-129;-512;302400;0,00
5554;147;-129;-512;302400;0,00
5596;148;-129;-511;302400;0,00
5638;148;-129;-511;302400;0,00
5680;148;-129;-512;302400;0,00
5724;148;-129;-512;305280;0,00
5767;148;-129;-512;305280;0,00
5809;147;-129;-512;305280;0,00
5852;147;-129;-512;305280;0,00
5894;146;-130;-511;305280;0,00
5936;146;-130;-511;305280;0,00
5979;149;-129;-512;305280;0,00
6021;149;-129;-512;302400;0,00
6063;149;-129;-512;302400;0,00
6105;146;-129;-512;302400;0,00
6148;146;-129;-512;305280;0,00
6190;147;-128;-512;305280;0,00
6232;147;-128;-512;305280;0,00
6274;147;-128;-512;305280;0,00
6317;148;-129;-511;305280;0,00
6359;148;-129;-511;305280;0,00
6401;146;-129;-511;305280;0,00
6445;146;-129;-511;308160;0,00
6487;147;-129;-512;308160;0,00
6530;147;-129;-512;308160;0,00
6572;147;-129;-512;308160;0,00
6614;148;-128;-511;311040;0,00
6656;148;-128;-511;311040;0,00
6699;147;-129;-512;311040;0,00
6741;147;-129;-512;311040;0,00
6783;147;-129;-512;311040;0,00
6826;147;-129;-512;313920;0,00
6868;147;-129;-512;313920;0,00
6910;148;-128;-512;313920;0,00
6952;148;-128;-512;313920;0,00
6995;147;-129;-512;313920;0,00
7037;147;-129;-512;311040;0,00
7079;147;-129;-512;311040;0,00
7124;147;-130;-512;311040;0,00
7166;147;-130;-512;311040;0,00
7208;148;-129;-512;311040;0,00
7250;148;-129;-512;311040;0,00
7292;149;-130;-512;311040;0,00
7334;149;-130;-512;311040;0,00
7376;149;-130;-512;311040;0,00
7418;145;-125;-503;308160;0,00
7460;145;-125;-503;308160;0,00
7502;136;-119;-486;308160;0,00
7545;136;-119;-486;308160;0,00
7587;128;-110;-472;308160;0,00
7629;128;-110;-472;308160;0,00
7671;128;-110;-472;308160;0,00
7713;119;-104;-455;308160;0,00
7755;119;-104;-455;308160;0,00
7797;112;-97;-442;308160;0,00
7841;112;-97;-442;311040;0,00
7883;103;-91;-431;311040;0,01
7926;103;-91;-431;313920;0,01
7968;103;-91;-431;313920;0,01
8010;98;-86;-416;313920;0,02
8052;98;-86;-416;313920;0,02
8094;89;-79;-401;313920;0,02
8136;89;-79;-401;313920;0,03
8178;89;-79;-401;313920;0,03
8220;82;-72;-385;316800;0,04
8262;82;-72;-385;316800;0,04
8304;79;-69;-375;316800;0,04
8347;79;-69;-375;316800;0,05
8389;75;-66;-365;316800;0,05
8432;75;-66;-365;316800;0,05
8474;75;-66;-365;316800;0,06
8516;70;-61;-355;316800;0,06
8560;70;-61;-355;316800;0,06
8602;64;-56;-342;316800;0,07
8644;64;-56;-342;316800;0,07
8686;58;-53;-335;316800;0,07
8729;58;-53;-335;316800;0,08
8771;58;-53;-335;316800;0,08
8813;58;-52;-330;316800;0,08
8855;58;-52;-330;316800;0,09
8898;56;-48;-321;316800;0,09
8940;56;-48;-321;313920;0,10
8982;56;-48;-321;313920;0,10
9024;55;-47;-318;316800;0,10
9067;55;-47;-318;316800;0,11
9109;47;-40;-303;316800;0,11
9151;47;-40;-303;316800;0,11
9194;42;-39;-294;316800;0,12
9236;42;-39;-294;319680;0,12
9278;42;-39;-294;319680;0,12
9322;38;-36;-282;325440;0,13
9364;38;-36;-282;325440;0,13
9406;35;-33;-276;325440;0,13
9449;35;-33;-276;325440;0,14
9491;33;-32;-270;325440;0,14
9533;33;-32;-270;328320;0,14
9575;33;-32;-270;328320;0,15
9618;30;-31;-263;328320;0,15
9660;30;-31;-263;331200;0,16
9703;29;-27;-256;331200;0,16
9745;29;-27;-256;334080;0,16
9787;29;-27;-256;334080;0,17
9830;26;-25;-251;334080;0,17
9872;26;-25;-251;334080;0,17
9914;21;-23;-242;334080;0,18
9956;21;-23;-242;336960;0,18
9999;20;-21;-238;336960;0,18
10042;20;-21;-238;336960;0,19
10085;20;-21;-238;336960;0,19
10127;18;-22;-234;339840;0,19
10169;18;-22;-234;339840;0,20
10212;15;-19;-229;339840;0,20
10391;14;-18;-224;345600;0,20
10513;10;-14;-214;348480;0,21
10555;10;-14;-214;348480;0,21
10598;8;-14;-211;348480;0,22
10640;8;-14;-211;351360;0,22
10682;8;-14;-211;351360;0,22
10724;7;-14;-207;357120;0,23
10767;7;-14;-207;357120;0,23
10809;4;-12;-202;357120;0,23
10851;4;-12;-202;357120;0,24
10893;4;-10;-199;357120;0,24
10936;4;-10;-199;354240;0,24
10978;4;-10;-199;354240;0,25
11022;2;-9;-195;354240;0,25
11064;2;-9;-195;354240;0,25
11106;1;-9;-192;354240;0,26
11148;1;-9;-192;354240;0,26
11191;1;-9;-192;354240;0,26
11233;-1;-8;-186;354240;0,27
11275;-1;-8;-186;354240;0,27
11317;-3;-6;-184;354240;0,28
11360;-3;-6;-184;351360;0,28
11402;-4;-7;-181;351360;0,28
11444;-4;-7;-181;351360;0,29
11486;-4;-7;-181;351360;0,29
11529;-6;-6;-179;351360;0,29
11571;-6;-6;-179;351360;0,30
11613;-5;-4;-175;351360;0,30
11655;-5;-4;-175;351360;0,30
11698;-7;-4;-172;351360;0,31
11740;-7;-4;-172;351360;0,31
11785;-7;-4;-172;351360;0,31
11827;-8;-4;-169;354240;0,32
11869;-8;-4;-169;354240;0,32
11912;-9;-2;-167;354240;0,32
11954;-9;-2;-167;354240;0,33
11996;-10;-4;-164;354240;0,33
12038;-10;-4;-164;354240;0,34
12081;-10;-4;-164;354240;0,34
12123;-11;0;-160;354240;0,34
12165;-11;0;-160;357120;0,35
12207;-13;-1;-156;357120;0,35
12250;-13;-1;-156;362880;0,35
12292;-13;-1;-156;362880;0,36
12334;-13;0;-156;362880;0,36
12376;-13;0;-156;362880;0,36
12419;-14;1;-153;362880;0,37
12461;-14;1;-153;365760;0,37
12505;-14;1;-147;365760;0,37
12547;-14;1;-147;368640;0,38
12589;-14;1;-147;368640;0,38
12631;-15;1;-146;371520;0,38
12674;-15;1;-146;371520;0,39
12716;-17;2;-144;371520;0,39
12758;-17;2;-144;371520;0,40
12800;-18;3;-141;371520;0,40
12843;-18;3;-141;374400;0,40
12885;-18;3;-141;374400;0,41
12927;-19;2;-139;374400;0,41
12969;-19;2;-139;374400;0,41
13012;-18;4;-137;374400;0,42
13055;-18;4;-137;380160;0,42
13097;-18;4;-137;380160;0,42
13139;-19;4;-135;383040;0,43
13182;-19;4;-135;383040;0,43
13224;-20;4;-133;383040;0,43
13268;-20;4;-133;383040;0,44
13310;-20;4;-129;383040;0,44
13352;-20;4;-129;388800;0,44
13394;-20;4;-129;388800;0,45
13436;-22;5;-127;391680;0,45
13478;-22;5;-127;391680;0,46
13520;-22;7;-126;391680;0,46
13562;-22;7;-126;397440;0,46
13605;-22;7;-124;397440;0,47
13647;-22;7;-124;400320;0,47
13689;-22;7;-124;400320;0,47
13731;-22;6;-122;400320;0,48
13773;-22;6;-122;400320;0,48
13815;-23;7;-120;400320;0,48
13857;-23;7;-120;403200;0,49
13899;-23;7;-120;403200;0,49
13941;-24;7;-119;406080;0,49
13985;-24;7;-119;406080;0,50
14027;-25;8;-117;406080;0,50
14069;-25;8;-117;408960;0,50
14112;-24;8;-116;408960;0,51
14154;-24;8;-116;411840;0,51
14196;-24;8;-116;411840;0,52
14238;-24;8;-114;417600;0,52
14280;-24;8;-114;417600;0,52
14322;-26;8;-114;417600;0,53
14364;-26;8;-114;420480;0,53
14406;-26;8;-111;420480;0,53
14448;-26;8;-111;423360;0,54
14491;-26;8;-111;423360;0,54
14533;-27;8;-109;426240;0,54
14575;-27;8;-109;426240;0,55
14617;-27;9;-107;426240;0,55
14659;-27;9;-107;429120;0,55
14701;-27;9;-107;429120;0,56
14745;-27;8;-107;432000;0,56
14787;-27;8;-107;432000;0,56
14829;-28;9;-106;432000;0,57
14872;-28;9;-106;434880;0,57
14914;-28;8;-105;434880;0,58
14956;-28;8;-105;437760;0,58
14998;-28;8;-105;437760;0,58
15041;-28;9;-103;443520;0,59
15083;-28;9;-103;443520;0,59
15125;-30;9;-104;443520;0,59
15167;-30;9;-104;443520;0,60
15210;-30;10;-102;443520;0,60
15252;-30;10;-102;449280;0,60
15294;-30;10;-102;449280;0,61
15336;-30;9;-98;449280;0,61
15379;-30;9;-98;449280;0,61
15421;-30;9;-98;449280;0,62
15463;-30;9;-98;455040;0,62
15507;-31;11;-98;455040;0,62
15549;-31;11;-98;457920;0,63
15591;-31;11;-98;457920;0,63
15634;-31;11;-96;460800;0,64
15676;-31;11;-96;460800;0,64
15718;-32;11;-95;460800;0,64
15760;-32;11;-95;463680;0,65
15803;-32;11;-95;463680;0,65
15845;-32;11;-94;466560;0,65
15887;-32;11;-94;466560;0,66
15929;-32;11;-93;466560;0,66
15972;-32;11;-93;469440;0,66
16014;-32;11;-91;469440;0,67
16056;-32;11;-91;472320;0,67
16098;-32;11;-91;472320;0,67
16141;-34;12;-90;475200;0,68
16183;-34;12;-90;475200;0,68
16227;-33;12;-90;475200;0,68
16269;-33;12;-90;478080;0,69
16311;-33;10;-90;478080;0,69
16354;-33;10;-90;480960;0,70
16396;-33;10;-90;480960;0,70
16438;-33;12;-87;483840;0,70
16480;-33;12;-87;483840;0,71
16523;-34;12;-87;483840;0,71
16565;-34;12;-87;486720;0,71
16607;-34;12;-87;486720;0,72
16649;-34;10;-86;489600;0,72
16692;-34;10;-86;489600;0,72
16734;-35;11;-85;489600;0,73
16776;-35;11;-85;495360;0,73
16818;-35;11;-84;495360;0,73
16861;-35;11;-84;498240;0,74
16904;-35;11;-84;498240;0,74
16946;-34;13;-84;498240;0,74
16990;-34;13;-84;498240;0,75
17032;-35;14;-81;498240;0,75
17074;-35;14;-81;504000;0,76
17116;-36;12;-82;504000;0,76
17159;-36;12;-82;506880;0,76
17201;-36;12;-82;506880;0,77
17243;-36;14;-81;512640;0,77
17286;-36;14;-81;512640;0,77
17328;-36;12;-80;512640;0,78
17370;-36;12;-80;518400;0,78
17412;-35;13;-80;518400;0,78
17455;-35;13;-80;518400;0,79
17497;-35;13;-80;518400;0,79
17539;-36;12;-78;521280;0,79
17582;-36;12;-78;521280;0,80
17624;-37;12;-78;521280;0,80
17666;-37;12;-78;524160;0,80
17708;-37;12;-78;524160;0,81
17752;-35;15;-76;532800;0,81
17794;-35;15;-76;532800;0,82
17837;-36;14;-76;532800;0,82
17879;-36;14;-76;538560;0,82
17921;-36;12;-76;538560;0,83
17963;-36;12;-76;541440;0,83
18006;-36;12;-76;541440;0,83
18048;-38;14;-75;544320;0,84
18090;-38;14;-75;544320;0,84
18132;-36;14;-74;544320;0,84
18176;-36;14;-74;547200;0,85
18218;-36;13;-74;547200;0,85
18260;-36;13;-74;552960;0,85
18302;-36;13;-74;552960;0,86
18345;-36;15;-73;558720;0,86
18387;-36;15;-73;558720;0,86
18429;-38;15;-72;558720;0,87
18473;-38;15;-72;561600;0,87
18515;-38;15;-72;561600;0,88
18557;-37;14;-71;564480;0,88
18600;-37;14;-71;564480;0,88
18642;-38;14;-72;567360;0,89
18684;-38;14;-72;567360;0,89
18726;-37;14;-71;567360;0,89
18769;-37;14;-71;570240;0,90
18811;-37;14;-71;570240;0,90
18853;-37;14;-70;573120;0,90
18895;-37;14;-70;573120;0,91
18938;-37;14;-69;573120;0,91
18980;-37;14;-69;576000;0,91
19022;-38;14;-69;576000;0,92
19064;-38;14;-69;581760;0,92
19107;-38;14;-69;581760;0,92
19149;-38;14;-68;584640;0,93
19191;-38;14;-68;584640;0,93
19235;-39;14;-68;584640;0,94
19277;-39;14;-68;590400;0,94
19319;-39;15;-68;590400;0,94
19361;-39;15;-68;590400;0,95
19403;-39;15;-68;590400;0,95
19446;-38;14;-67;596160;0,95
19488;-38;14;-67;596160;0,96
19531;-38;13;-66;596160;0,96
19573;-38;13;-66;601920;0,96
19615;-38;13;-66;601920;0,97
19657;-38;13;-65;607680;0,97
19699;-38;13;-65;607680;0,97
19741;-38;12;-65;607680;0,98
19783;-38;12;-65;613440;0,98
19825;-39;15;-66;613440;0,98
19868;-39;15;-66;622080;0,99
19910;-39;15;-66;622080;0,99
19952;-38;14;-65;630720;1,00
19995;-38;14;-65;630720;1,00
20038;-39;15;-65;630720;1,00
20080;-39;15;-65;636480;1,01
20122;-39;14;-65;636480;1,01
20164;-39;14;-65;645120;1,01
20206;-39;14;-65;645120;1,02
20248;-39;14;-64;659520;1,02
20290;-39;14;-64;659520;1,02
20332;-39;14;-64;659520;1,03
20374;-39;14;-64;665280;1,03
20416;-39;14;-64;665280;1,03
20459;-40;13;-65;668160;1,04
20501;-40;13;-65;668160;1,04
20543;-40;15;-64;668160;1,04
20585;-40;15;-64;673920;1,05
20627;-40;15;-63;673920;1,05
20669;-40;15;-63;676800;1,06
20713;-40;15;-63;676800;1,06
20755;-40;14;-62;679680;1,06
20798;-40;14;-62;679680;1,07
20840;-40;14;-62;679680;1,07
20882;-40;14;-62;688320;1,07
20924;-40;13;-62;688320;1,08
20967;-40;13;-62;691200;1,08
21009;-40;13;-62;691200;1,08
21051;-41;16;-60;699840;1,09
21093;-41;16;-60;699840;1,09
21136;-42;15;-62;699840;1,09
21178;-42;15;-62;702720;1,10
21220;-42;15;-62;702720;1,10
21262;-42;16;-62;708480;1,10
21305;-42;16;-62;708480;1,11
21347;-42;15;-61;708480;1,11
21389;-42;15;-61;717120;1,12
21431;-41;14;-60;717120;1,12
21475;-41;14;-60;717120;1,12
21518;-41;14;-60;717120;1,13
21560;-40;14;-60;720000;1,13
21602;-40;14;-60;720000;1,13
21644;-42;14;-60;720000;1,14
21687;-42;14;-60;725760;1,14
21729;-42;15;-59;725760;1,14
21771;-42;15;-59;731520;1,15
21813;-42;15;-59;731520;1,15
21856;-42;15;-58;734400;1,15
21898;-42;15;-58;734400;1,16
21940;-41;15;-58;734400;1,16
21982;-41;15;-58;748800;1,16
22025;-41;15;-58;748800;1,17
22068;-42;14;-59;754560;1,17
22110;-42;14;-59;754560;1,18
22152;-42;17;-57;760320;1,18
22194;-42;17;-57;760320;1,18
22238;-42;16;-57;760320;1,19
22280;-42;16;-57;771840;1,19
22323;-42;16;-57;771840;1,19
22365;-43;15;-58;777600;1,20
22407;-43;15;-58;777600;1,20
22449;-42;15;-57;777600;1,20
22492;-42;15;-57;789120;1,21
22534;-42;15;-57;789120;1,21
22576;-42;15;-57;800640;1,21
22618;-42;15;-57;800640;1,22
22661;-42;16;-57;812160;1,22
22703;-42;16;-57;812160;1,22
22745;-42;16;-56;812160;1,23
22787;-42;16;-56;823680;1,23
22829;-42;16;-55;823680;1,24
22872;-42;16;-55;829440;1,24
22914;-42;16;-55;829440;1,24
22958;-41;15;-56;840960;1,25
23000;-41;15;-56;840960;1,25
23042;-41;14;-55;840960;1,25
23084;-41;14;-55;846720;1,26
23127;-41;14;-55;846720;1,26
23169;-42;16;-54;852480;1,26
23211;-42;16;-54;852480;1,27
23254;-42;16;-55;864000;1,27
23297;-42;16;-55;864000;1,27
23339;-42;15;-54;864000;1,28
23381;-42;15;-54;869760;1,28
23423;-42;15;-54;869760;1,28
23466;-41;15;-54;875520;1,29
23508;-41;15;-54;875520;1,29
23550;-41;16;-54;875520;1,30
23592;-41;16;-54;887040;1,30
23635;-42;15;-53;887040;1,30
23677;-42;15;-53;892800;1,31
23721;-42;15;-53;892800;1,31
23763;-42;16;-52;904320;1,31
23805;-42;16;-52;904320;1,32
23847;-41;16;-53;904320;1,32
23890;-41;16;-53;915840;1,32
23932;-41;16;-53;915840;1,33
23974;-42;16;-52;927360;1,33
24016;-42;16;-52;927360;1,33
24059;-41;17;-54;933120;1,34
24101;-41;17;-54;933120;1,34
24143;-42;15;-53;933120;1,34
24185;-42;15;-53;944640;1,35
24228;-42;15;-53;944640;1,35
24270;-42;16;-53;961920;1,36
24312;-42;16;-53;961920;1,36
24354;-42;15;-52;973440;1,36
24397;-42;15;-52;973440;1,37
24439;-42;16;-53;973440;1,37
24483;-42;16;-53;984960;1,37
24525;-42;16;-53;984960;1,38
24568;-42;14;-52;1002240;1,38
24610;-42;14;-52;1002240;1,38
24653;-42;15;-52;1002240;1,39
24695;-42;15;-52;1025280;1,39
24737;-43;16;-51;1025280;1,39
24779;-43;16;-51;1048320;1,40
24822;-43;16;-51;1048320;1,40
24864;-43;15;-52;1065600;1,40
24906;-43;15;-52;1065600;1,41
24948;-43;16;-52;1065600;1,41
24991;-43;16;-52;1082880;1,42
25033;-43;16;-52;1082880;1,42
25075;-42;16;-51;1100160;1,42
25117;-42;16;-51;1100160;1,43
25160;-42;15;-51;1123200;1,43
25203;-42;15;-51;1123200;1,43
25246;-43;16;-51;1123200;1,44
25288;-43;16;-51;1128960;1,44
25330;-43;16;-51;1128960;1,44
25372;-43;17;-51;1146240;1,45
25414;-43;17;-51;1146240;1,45
25456;-42;16;-50;1146240;1,45
25498;-42;16;-50;1163520;1,46
25540;-43;16;-51;1163520;1,46
25582;-43;16;-51;1175040;1,46
25624;-43;16;-51;1175040;1,47
25667;-42;15;-51;1192320;1,47
25709;-42;15;-51;1192320;1,48
25751;-43;15;-49;1192320;1,48
25793;-43;15;-49;1209600;1,48
25835;-43;15;-49;1209600;1,49
25877;-43;15;-49;1226880;1,49
25921;-43;15;-49;1226880;1,49
25963;-43;16;-49;1255680;1,50
26005;-43;16;-49;1255680;1,50
26047;-43;16;-48;1255680;1,50
26089;-43;16;-48;1278720;1,51
26131;-43;16;-48;1278720;1,51
26173;-42;15;-48;1296000;1,51
26216;-42;15;-48;1296000;1,52
26258;-42;15;-49;1296000;1,52
26300;-42;15;-49;1319040;1,52
26342;-43;16;-51;1319040;1,53
26384;-43;16;-51;1347840;1,53
26426;-43;16;-51;1347840;1,54
26468;-43;15;-49;1370880;1,54
26511;-43;15;-49;1370880;1,54
26553;-43;16;-48;1370880;1,55
26595;-43;16;-48;1382400;1,55
26639;-43;16;-48;1382400;1,55
26681;-43;15;-49;1405440;1,56
26723;-43;15;-49;1405440;1,56
26765;-43;16;-49;1434240;1,56
26808;-43;16;-49;1434240;1,57
26850;-43;15;-49;1434240;1,57
26892;-43;15;-49;1468800;1,57
26934;-43;15;-49;1468800;1,58
26977;-43;16;-49;1474560;1,58
27019;-43;16;-49;1474560;1,58
27061;-43;15;-49;1486080;1,59
27103;-43;15;-49;1486080;1,59
27147;-43;16;-48;1486080;1,60
27189;-43;16;-48;1486080;1,60
27231;-43;16;-48;1486080;1,60
27273;-44;15;-47;1497600;1,61
27316;-44;15;-47;1497600;1,61
27360;-44;15;-48;1497600;1,61
27402;-44;15;-48;1509120;1,62
27444;-43;16;-48;1509120;1,62
27486;-43;16;-48;1543680;1,62
27529;-43;16;-48;1543680;1,63
27571;-43;16;-47;1578240;1,63
27613;-43;16;-47;1578240;1,63
27655;-43;16;-47;1578240;1,64
27698;-43;16;-47;1601280;1,64
27740;-43;16;-47;1601280;1,64
27782;-43;16;-48;1635840;1,65
27825;-43;16;-48;1635840;1,65
27867;-43;15;-47;1658880;1,66
27909;-43;15;-47;1658880;1,66
27951;-43;15;-48;1658880;1,66
27994;-43;15;-48;1681920;1,67
28036;-43;15;-48;1681920;1,67
28080;-45;16;-47;1704960;1,67
28122;-45;16;-47;1704960;1,68
28164;-44;16;-46;1728000;1,68
28207;-44;16;-46;1728000;1,68
28249;-43;16;-47;1728000;1,69
28291;-43;16;-47;1762560;1,69
28333;-43;16;-47;1762560;1,69
28376;-43;16;-47;1774080;1,70
28419;-43;16;-47;1774080;1,70
28461;-44;16;-47;1774080;1,70
28503;-44;16;-47;1808640;1,71
28545;-44;16;-47;1808640;1,71
28588;-43;17;-47;1831680;1,72
28630;-43;17;-47;1831680;1,72
28672;-44;16;-46;1877760;1,72
28714;-44;16;-46;1877760;1,73
28757;-44;17;-46;1877760;1,73
28800;-44;17;-46;1900800;1,73
28843;-44;17;-46;1900800;1,74
28885;-44;17;-46;1923840;1,74
28927;-44;17;-46;1923840;1,74
28970;-43;16;-46;1969920;1,75
29012;-43;16;-46;1969920;1,75
29054;-43;16;-47;1969920;1,75
29096;-43;16;-47;2004480;1,76
29138;-43;16;-47;2004480;1,76
29181;-43;16;-45;2027520;1,76
29223;-43;16;-45;2027520;1,77
29265;-42;16;-46;2027520;1,77
29307;-42;16;-46;2050560;1,78
29350;-43;15;-46;2050560;1,78
29392;-43;15;-46;2073600;1,78
29434;-43;15;-46;2073600;1,79
29476;-44;16;-46;2108160;1,79
29520;-44;16;-46;2108160;1,79
29563;-42;15;-46;2108160;1,80
29605;-42;15;-46;2131200;1,80
29647;-42;15;-46;2131200;1,80
29690;-43;16;-46;2142720;1,80
29732;-43;16;-46;2142720;1,80
29775;-42;15;-45;2154240;1,80
29817;-42;15;-45;2154240;1,80
29859;-43;16;-46;2154240;1,80
29901;-43;16;-46;2165760;1,80
29944;-43;16;-46;2165760;1,80
29986;-42;16;-46;2177280;1,80
30028;-42;16;-46;2177280;1,80
30070;-42;17;-47;2177280;1,80
30113;-42;17;-47;2177280;1,80
30155;-42;16;-47;2177280;1,80
30197;-42;16;-47;2188800;1,80
30241;-42;16;-47;2188800;1,80
30283;-43;16;-46;2188800;1,80
30326;-43;16;-46;2188800;1,80
30368;-42;18;-47;2188800;1,80
30410;-42;18;-47;2188800;1,80
30452;-42;18;-47;2188800;1,80
30495;-42;16;-46;2188800;1,80
30537;-42;16;-46;2188800;1,80
30579;-43;16;-47;2200320;1,80
30621;-43;16;-47;2200320;1,80
30664;-43;15;-47;2200320;1,80
30706;-43;15;-47;2200320;1,80
30748;-43;15;-47;2200320;1,80
30790;-42;18;-47;2200320;1,80
30833;-42;18;-47;2200320;1,80
30875;-43;16;-46;2200320;1,80
30917;-43;16;-46;2200320;1,80
30962;-44;17;-46;2200320;1,80
31004;-44;17;-46;2200320;1,80
31046;-44;17;-46;2200320;1,80
31088;-43;16;-46;2200320;1,80
31130;-43;16;-46;2200320;1,80
31172;-43;16;-47;2200320;1,80
31214;-43;16;-47;2200320;1,80
31256;-43;15;-45;2200320;1,80
31298;-43;15;-45;2211840;1,80
31341;-43;15;-45;2211840;1,80
31383;-41;15;-45;2223360;1,80
31425;-41;15;-45;2223360;1,80
31467;-42;16;-45;2223360;1,80
31509;-42;16;-45;2223360;1,80
31685;-43;16;-45;2234880;1,80
31819;-42;17;-46;2234880;1,80
31862;-42;16;-45;2234880;1,80
31905;-42;16;-45;2234880;1,80
31947;-42;16;-45;2234880;1,80
31990;-42;16;-47;2234880;1,80
32032;-42;16;-47;2234880;1,80
32074;-42;16;-46;2211840;1,80
32116;-42;16;-46;2211840;1,80
32158;-42;16;-46;2211840;1,80
32200;-42;16;-46;2211840;1,80
32242;-42;16;-46;2211840;1,80
32285;-42;16;-46;2177280;1,80
32327;-42;16;-46;2177280;1,80
32369;-42;18;-46;2177280;1,80
32411;-42;18;-46;2131200;1,80
32453;-42;18;-46;2131200;1,80
32495;-42;16;-47;2096640;1,80
32538;-42;16;-47;2096640;1,80
32580;-42;16;-46;2085120;1,80
32623;-42;16;-46;2085120;1,80
32666;-42;15;-46;2085120;1,80
32708;-42;15;-46;2050560;1,80
32750;-42;15;-46;2050560;1,80
32792;-43;15;-47;2016000;1,80
32835;-43;15;-47;2016000;1,80
32877;-43;16;-47;1981440;1,80
32919;-43;16;-47;1981440;1,80
32961;-43;17;-47;1981440;1,80
33004;-43;17;-47;1969920;1,79
33046;-43;17;-47;1969920;1,79
33089;-42;16;-47;1935360;1,78
33132;-42;16;-47;1935360;1,78
33174;-43;17;-47;1935360;1,78
33216;-43;17;-47;1912320;1,77
33258;-43;17;-47;1912320;1,77
33301;-43;16;-47;1866240;1,77
33344;-43;16;-47;1866240;1,76
33387;-42;16;-47;1843200;1,76
33429;-42;16;-47;1843200;1,75
33471;-43;16;-47;1843200;1,75
33514;-43;16;-47;1820160;1,75
33556;-43;16;-47;1820160;1,74
33598;-43;15;-47;1785600;1,74
33640;-43;15;-47;1785600;1,74
33683;-42;16;-47;1751040;1,73
33725;-42;16;-47;1751040;1,73
33767;-43;16;-47;1751040;1,72
33809;-43;16;-47;1728000;1,72
33852;-43;16;-47;1728000;1,72
33894;-42;16;-49;1704960;1,71
33936;-42;16;-49;1704960;1,71
33978;-42;15;-48;1681920;1,71
34021;-42;15;-48;1681920;1,70
34063;-42;15;-48;1681920;1,70
34107;-42;16;-48;1658880;1,69
34149;-42;16;-48;1658880;1,69
34191;-43;16;-48;1624320;1,69
34234;-43;16;-48;1624320;1,68
34276;-43;17;-48;1624320;1,68
34318;-43;17;-48;1601280;1,67
34361;-43;17;-48;1601280;1,67
34403;-42;16;-48;1578240;1,67
34446;-42;16;-48;1578240;1,66
34488;-43;16;-48;1543680;1,66
34530;-43;16;-48;1543680;1,66
34572;-42;14;-48;1543680;1,65
34615;-42;14;-48;1509120;1,65
34657;-42;14;-48;1509120;1,64
34699;-43;15;-49;1486080;1,64
34741;-43;15;-49;1486080;1,64
34784;-43;14;-48;1468800;1,63
34827;-43;14;-48;1468800;1,63
34870;-42;15;-48;1468800;1,63
34912;-42;15;-48;1445760;1,62
34954;-42;15;-48;1445760;1,62
34996;-43;15;-49;1405440;1,61
35039;-43;15;-49;1405440;1,61
35081;-42;15;-49;1376640;1,61
35123;-42;15;-49;1376640;1,60
35165;-42;15;-49;1376640;1,60
35208;-42;15;-49;1347840;1,60
35250;-42;15;-49;1347840;1,59
35292;-43;16;-50;1319040;1,59
35335;-43;16;-50;1319040;1,58
35377;-42;15;-50;1319040;1,58
35419;-42;15;-50;1296000;1,58
35461;-42;15;-50;1296000;1,57
35504;-43;14;-49;1278720;1,57
35548;-43;14;-49;1278720;1,57
35590;-42;14;-51;1272960;1,56
35633;-42;14;-51;1272960;1,56
35675;-42;15;-50;1272960;1,55
35717;-42;15;-50;1249920;1,55
35760;-42;15;-50;1249920;1,55
35802;-42;16;-51;1226880;1,54
35844;-42;16;-51;1226880;1,54
35886;-42;16;-51;1215360;1,53
35929;-42;16;-51;1215360;1,53
35971;-42;15;-51;1215360;1,53
36013;-42;15;-51;1203840;1,52
36055;-42;15;-51;1203840;1,52
36098;-42;15;-51;1186560;1,52
36140;-42;15;-51;1186560;1,51
36182;-42;16;-50;1186560;1,51
36225;-42;16;-50;1163520;1,50
36268;-42;16;-50;1163520;1,50
36311;-42;15;-51;1146240;1,50
36353;-42;15;-51;1146240;1,49
36395;-42;16;-51;1134720;1,49
36437;-42;16;-51;1134720;1,49
36480;-42;15;-51;1134720;1,48
36522;-42;15;-51;1111680;1,48
36564;-42;15;-51;1111680;1,47
36606;-42;15;-51;1088640;1,47
36649;-42;15;-51;1088640;1,47
36691;-42;15;-52;1071360;1,46
36733;-42;15;-52;1071360;1,46
36775;-42;14;-52;1071360;1,46
36818;-42;14;-52;1059840;1,45
36860;-42;14;-52;1059840;1,45
36902;-42;15;-52;1048320;1,44
36944;-42;15;-52;1048320;1,44
36988;-42;15;-52;1042560;1,44
37030;-42;15;-52;1042560;1,43
37072;-42;15;-52;1042560;1,43
37114;-41;14;-52;1025280;1,42
37156;-41;14;-52;1025280;1,42
37199;-42;15;-52;1013760;1,42
37241;-42;15;-52;1013760;1,41
37283;-43;14;-53;1013760;1,41
37325;-43;14;-53;1002240;1,41
37367;-43;14;-53;1002240;1,40
37409;-41;15;-53;984960;1,40
37451;-41;15;-53;984960;1,39
37493;-41;15;-53;973440;1,39
37535;-41;15;-53;973440;1,39
37577;-41;15;-54;973440;1,38
37620;-41;15;-54;956160;1,38
37662;-41;15;-54;956160;1,38
37705;-42;14;-53;944640;1,37
37748;-42;14;-53;944640;1,37
37790;-41;15;-54;933120;1,36
37832;-41;15;-54;933120;1,36
37874;-41;15;-54;933120;1,36
37916;-42;15;-54;915840;1,35
37958;-42;15;-54;915840;1,35
38000;-42;16;-55;904320;1,35
38042;-42;16;-55;904320;1,34
38085;-41;14;-55;904320;1,34
38127;-41;14;-55;898560;1,33
38169;-41;14;-55;898560;1,33
38212;-43;14;-55;887040;1,33
38254;-43;14;-55;887040;1,32
38296;-42;15;-55;875520;1,32
38338;-42;15;-55;875520;1,31
38380;-42;15;-55;875520;1,31
38423;-42;15;-55;864000;1,31
38466;-42;15;-55;864000;1,30
38509;-42;15;-55;858240;1,30
38551;-42;15;-55;858240;1,30
38593;-42;16;-56;840960;1,29
38635;-42;16;-56;840960;1,29
38678;-42;16;-56;840960;1,28
38720;-42;15;-55;835200;1,28
38762;-42;15;-55;835200;1,28
38804;-42;16;-56;823680;1,27
38847;-42;16;-56;823680;1,27
38889;-42;16;-57;823680;1,27
38931;-42;16;-57;812160;1,26
38973;-42;16;-57;812160;1,26
39015;-42;16;-58;806400;1,25
39058;-42;16;-58;806400;1,25
39100;-42;14;-57;794880;1,25
39142;-42;14;-57;794880;1,24
39186;-42;14;-57;794880;1,24
39228;-42;14;-57;789120;1,24
39270;-42;14;-57;789120;1,23
39313;-42;15;-58;771840;1,23
39355;-42;15;-58;771840;1,22
39397;-42;14;-58;771840;1,22
39440;-42;14;-58;771840;1,22
39483;-42;14;-58;771840;1,21
39525;-42;14;-58;760320;1,21
39567;-42;14;-58;760320;1,20
39609;-42;13;-59;754560;1,20
39652;-42;13;-59;754560;1,20
39694;-42;14;-59;748800;1,19
39736;-42;14;-59;748800;1,19
39778;-42;14;-59;748800;1,19
39821;-42;15;-60;743040;1,18
39863;-42;15;-60;743040;1,18
39905;-42;14;-59;737280;1,17
39949;-42;14;-59;737280;1,17
39991;-41;14;-60;737280;1,17
40033;-41;14;-60;734400;1,16
40076;-41;14;-60;734400;1,16
40118;-41;14;-60;734400;1,16
40160;-41;14;-60;734400;1,15
40202;-41;15;-60;731520;1,15
40245;-41;15;-60;731520;1,14
40287;-41;15;-62;731520;1,14
40329;-41;15;-62;722880;1,14
40371;-41;15;-62;722880;1,13
40414;-41;15;-61;720000;1,13
40456;-41;15;-61;720000;1,13
40498;-41;14;-62;714240;1,12
40540;-41;14;-62;714240;1,12
40583;-41;14;-62;714240;1,11
40625;-41;15;-62;708480;1,11
40667;-41;15;-62;708480;1,11
40711;-40;15;-63;702720;1,10
40754;-40;15;-63;702720;1,10
40796;-40;14;-63;694080;1,10
40838;-40;14;-63;694080;1,09
40881;-40;14;-63;694080;1,09
40923;-39;15;-63;691200;1,08
40965;-39;15;-63;691200;1,08
41007;-39;15;-64;679680;1,08
41050;-39;15;-64;679680;1,07
41092;-39;12;-64;679680;1,07
41134;-39;12;-64;671040;1,06
41176;-39;12;-64;671040;1,06
41219;-39;15;-64;659520;1,06
41261;-39;15;-64;659520;1,05
41303;-39;14;-64;653760;1,05
41345;-39;14;-64;653760;1,05
41388;-39;15;-65;653760;1,04
41431;-39;15;-65;645120;1,04
41474;-39;15;-65;645120;1,03
41516;-39;14;-66;639360;1,03
41558;-39;14;-66;639360;1,03
41601;-40;15;-65;633600;1,02
41643;-40;15;-65;633600;1,02
41685;-40;15;-65;633600;1,02
41727;-40;13;-66;630720;1,01
41770;-40;13;-66;630720;1,01
41812;-38;13;-67;627840;1,00
41854;-38;13;-67;627840;1,00
41896;-39;14;-68;622080;1,00
41939;-39;14;-68;622080;0,99
41981;-39;14;-68;622080;0,99
42023;-39;14;-68;613440;0,99
42065;-39;14;-68;613440;0,98
42107;-39;15;-68;610560;0,98
42150;-39;15;-68;610560;0,97
42194;-39;15;-68;610560;0,97
42236;-39;15;-68;607680;0,97
42278;-39;15;-68;607680;0,96
42320;-38;15;-69;604800;0,96
42363;-38;15;-69;604800;0,95
42405;-38;13;-70;601920;0,95
42447;-38;13;-70;601920;0,95
42489;-38;13;-70;601920;0,94
42532;-38;14;-71;596160;0,94
42574;-38;14;-71;596160;0,94
42616;-39;13;-70;593280;0,93
42658;-39;13;-70;593280;0,93
42701;-39;15;-71;584640;0,92
42743;-39;15;-71;584640;0,92
42785;-39;15;-71;584640;0,92
42827;-38;14;-71;578880;0,91
42870;-38;14;-71;578880;0,91
42912;-38;14;-72;576000;0,91
42956;-38;14;-72;576000;0,90
42998;-38;13;-73;576000;0,90
43040;-38;13;-73;567360;0,89
43082;-38;13;-73;567360;0,89
43124;-38;13;-73;561600;0,89
43166;-38;13;-73;561600;0,88
43208;-37;15;-73;555840;0,88
43250;-37;15;-73;555840;0,88
43292;-37;15;-73;555840;0,87
43334;-39;15;-75;552960;0,87
43377;-39;15;-75;552960;0,86
43419;-37;13;-76;544320;0,86
43461;-37;13;-76;544320;0,86
43503;-38;14;-76;541440;0,85
43545;-38;14;-76;541440;0,85
43587;-38;14;-76;541440;0,84
43629;-38;13;-77;541440;0,84
43673;-38;13;-77;541440;0,84
43715;-37;14;-77;535680;0,83
43757;-37;14;-77;535680;0,83
43799;-38;12;-78;535680;0,83
43842;-38;12;-78;532800;0,82
43884;-38;12;-78;532800;0,82
43926;-37;14;-79;524160;0,81
43968;-37;14;-79;524160;0,81
44010;-36;15;-80;518400;0,81
44052;-36;15;-80;518400;0,80
44094;-36;15;-80;518400;0,80
44136;-37;12;-80;515520;0,80
44179;-37;12;-80;515520;0,79
44221;-38;12;-82;512640;0,79
44263;-38;12;-82;512640;0,78
44305;-37;11;-82;509760;0,78
44347;-37;11;-82;509760;0,78
44389;-37;11;-82;509760;0,77
44433;-36;12;-83;504000;0,77
44475;-36;12;-83;504000;0,77
44517;-36;11;-84;495360;0,76
44560;-36;11;-84;495360;0,76
44603;-36;12;-84;492480;0,75
44645;-36;12;-84;492480;0,75
44687;-36;12;-84;492480;0,75
44730;-36;13;-87;489600;0,74
44772;-36;13;-87;489600;0,74
44814;-36;11;-87;486720;0,74
44856;-36;11;-87;486720;0,73
44899;-35;13;-88;486720;0,73
44941;-35;13;-88;483840;0,72
44983;-35;13;-88;483840;0,72
45025;-36;10;-88;480960;0,72
45068;-36;10;-88;480960;0,71
45110;-34;12;-89;475200;0,71
45152;-34;12;-89;475200;0,70
45196;-34;12;-89;475200;0,70
45238;-34;12;-90;472320;0,70
45281;-34;12;-90;472320;0,69
45323;-34;11;-92;469440;0,69
45365;-34;11;-92;469440;0,69
45407;-34;11;-91;469440;0,68
45450;-34;11;-91;469440;0,68
45492;-34;11;-91;469440;0,67
45534;-34;11;-93;466560;0,67
45576;-34;11;-93;466560;0,67
45619;-33;11;-95;463680;0,66
45661;-33;11;-95;463680;0,66
45703;-33;11;-95;463680;0,66
45745;-33;11;-95;460800;0,65
45787;-33;11;-95;460800;0,65
45830;-33;10;-96;460800;0,64
45872;-33;10;-96;460800;0,64
45916;-31;10;-98;457920;0,64
45958;-31;10;-98;457920;0,63
46000;-31;10;-98;457920;0,63
46043;-31;9;-98;457920;0,63
46085;-31;9;-98;457920;0,62
46127;-32;9;-101;455040;0,62
46169;-32;9;-101;455040;0,61
46212;-31;10;-102;449280;0,61
46254;-31;10;-102;449280;0,61
46296;-31;10;-102;449280;0,60
46338;-31;10;-102;449280;0,60
46381;-31;10;-102;449280;0,59
46423;-30;10;-105;446400;0,59
46465;-30;10;-105;446400;0,59
46507;-30;10;-105;443520;0,58
46550;-30;10;-105;443520;0,58
46592;-30;10;-105;443520;0,58
46634;-30;10;-106;434880;0,57
46678;-30;10;-106;434880;0,57
46720;-29;9;-108;434880;0,56
46762;-29;9;-108;434880;0,56
46805;-29;8;-108;434880;0,56
46847;-29;8;-108;432000;0,55
46889;-29;8;-108;432000;0,55
46931;-29;9;-111;429120;0,55
46973;-29;9;-111;429120;0,54
47016;-28;8;-111;426240;0,54
47058;-28;8;-111;426240;0,53
47100;-28;8;-111;426240;0,53
47142;-28;8;-114;420480;0,53
47185;-28;8;-114;420480;0,52
47227;-27;8;-114;417600;0,52
47269;-27;8;-114;417600;0,52
47311;-27;8;-117;411840;0,51
47353;-27;8;-117;411840;0,51
47397;-27;8;-117;411840;0,50
47440;-26;7;-119;408960;0,50
47482;-26;7;-119;408960;0,50
47524;-26;7;-121;406080;0,49
47566;-26;7;-121;406080;0,49
47609;-26;5;-123;406080;0,48
47651;-26;5;-123;403200;0,48
47693;-26;5;-123;403200;0,48
47735;-25;6;-125;403200;0,47
47778;-25;6;-125;403200;0,47
47820;-24;6;-128;400320;0,47
47862;-24;6;-128;400320;0,46
47904;-24;6;-128;400320;0,46
47947;-22;5;-129;394560;0,45
47989;-22;5;-129;394560;0,45
48031;-22;7;-131;391680;0,45
48073;-22;7;-131;391680;0,44
48115;-21;4;-133;383040;0,44
48159;-21;4;-133;383040;0,44
48202;-21;4;-133;383040;0,43
48244;-20;4;-137;380160;0,43
48286;-20;4;-137;380160;0,42
48328;-20;5;-138;374400;0,42
48371;-20;5;-138;374400;0,42
48413;-18;3;-141;374400;0,41
48455;-18;3;-141;374400;0,41
48497;-18;3;-141;374400;0,41
48540;-19;3;-143;371520;0,40
48582;-19;3;-143;371520;0,40
48624;-18;3;-145;368640;0,39
48666;-18;3;-145;368640;0,39
48709;-18;3;-145;368640;0,39
48751;-18;2;-147;368640;0,38
48793;-18;2;-147;368640;0,38
48835;-16;2;-149;368640;0,37
48878;-16;2;-149;368640;0,37
48921;-15;2;-153;365760;0,37
48963;-15;2;-153;365760;0,36
49006;-15;2;-153;365760;0,36
49048;-14;0;-155;362880;0,36
49090;-14;0;-155;362880;0,35
49132;-12;-1;-158;362880;0,35
49174;-12;-1;-158;362880;0,34
49216;-12;-1;-161;362880;0,34
49258;-12;-1;-161;362880;0,34
49300;-12;-1;-161;362880;0,33
49342;-10;-1;-164;365760;0,33
49384;-10;-1;-164;365760;0,33
49427;-10;-1;-167;365760;0,32
49469;-10;-1;-167;365760;0,32
49511;-10;-1;-167;365760;0,31
49553;-8;-3;-170;365760;0,31
49595;-8;-3;-170;365760;0,31
49652;-7;-3;-173;365760;0,30
49696;-7;-3;-173;365760;0,30
49741;-6;-3;-176;362880;0,30
49785;-6;-3;-176;362880;0,29
49829;-6;-4;-178;360000;0,29
49874;-6;-4;-178;360000;0,28
49918;-3;-5;-182;357120;0,28
49963;-3;-5;-182;357120;0,28
50007;-3;-5;-182;357120;0,27
50051;-2;-6;-185;357120;0,27
50096;-2;-6;-185;357120;0,27
50140;-1;-6;-189;351360;0,26
50184;-1;-6;-189;351360;0,26
50229;1;-8;-194;351360;0,25
50273;1;-8;-194;351360;0,25
50317;2;-9;-198;348480;0,25
50362;2;-9;-198;348480;0,24
50406;2;-9;-198;348480;0,24
50452;3;-11;-203;348480;0,23
50497;3;-11;-203;348480;0,23
50541;6;-11;-208;345600;0,23
50586;6;-11;-208;345600;0,22
50630;7;-14;-211;342720;0,22
50675;7;-14;-211;342720;0,22
50719;9;-14;-215;342720;0,21
50764;9;-14;-215;342720;0,21
50808;9;-14;-215;342720;0,20
50853;11;-14;-220;339840;0,20
50897;11;-14;-220;339840;0,20
50942;13;-16;-225;339840;0,19
50986;13;-16;-225;339840;0,19
51032;14;-16;-230;342720;0,19
51076;14;-16;-230;342720;0,18
51121;15;-17;-233;342720;0,18
51165;15;-17;-233;342720;0,17
51211;15;-17;-233;342720;0,17
51256;18;-19;-239;339840;0,17
51300;18;-19;-239;339840;0,16
51345;21;-21;-245;339840;0,16
51389;21;-21;-245;339840;0,16
51434;23;-23;-250;336960;0,15
51478;23;-23;-250;336960;0,15
51523;26;-24;-255;334080;0,14
51567;26;-24;-255;334080;0,14
51612;26;-24;-255;334080;0,14
51656;27;-26;-261;334080;0,13
51701;27;-26;-261;334080;0,13
51745;29;-26;-268;334080;0,12
51790;29;-26;-268;334080;0,12
51834;32;-29;-274;331200;0,12
51879;32;-29;-274;331200;0,11
51923;36;-31;-282;328320;0,11
51969;36;-31;-282;328320;0,11
52014;36;-31;-282;328320;0,10
52058;38;-35;-289;325440;0,10
52103;38;-35;-289;325440;0,09
52147;42;-36;-295;325440;0,09
52192;42;-36;-295;325440;0,09
52237;45;-38;-305;322560;0,08
52281;45;-38;-305;322560;0,08
52325;51;-43;-316;319680;0,08
52371;51;-43;-316;319680;0,07
52415;51;-43;-316;319680;0,07
52460;52;-46;-324;319680;0,06
52504;52;-46;-324;319680;0,06
52549;55;-47;-329;319680;0,06
52593;55;-47;-329;319680;0,05
52638;56;-50;-333;316800;0,05
52682;56;-50;-333;316800;0,05
52728;65;-55;-352;316800;0,04
52773;65;-55;-352;316800;0,04
52817;65;-55;-352;316800;0,03
52862;74;-62;-367;313920;0,03
52906;74;-62;-367;313920;0,03
53083;85;-69;-390;311040;0,02
53236;105;-87;-429;305280;0,02
53280;105;-87;-429;305280;0,01
53325;111;-94;-444;302400;0,01
53369;111;-94;-444;302400;0,01
53414;111;-94;-444;302400;0,00
53458;118;-100;-453;299520;0,00
53503;118;-100;-453;299520;0,00
53547;125;-107;-469;296640;0,00
53592;125;-107;-469;296640;0,00
53636;129;-108;-471;296640;0,00
53681;129;-108;-471;296640;0,00
53727;128;-106;-471;296640;0,00
53772;128;-106;-471;296640;0,00
53816;128;-106;-471;296640;0,00
53861;129;-108;-471;296640;0,00
53905;129;-108;-471;296640;0,00
53950;128;-107;-471;296640;0,00
53995;128;-107;-471;296640;0,00
54039;128;-107;-470;296640;0,00
54084;128;-107;-470;296640;0,00
54128;129;-107;-471;296640;0,00
54173;129;-107;-471;296640;0,00
54217;129;-107;-471;296640;0,00
54262;129;-108;-470;296640;0,00
54306;129;-108;-470;296640;0,00
54351;129;-108;-472;296640;0,00
54395;129;-108;-472;296640;0,00
54441;130;-107;-471;296640;0,00
54486;130;-107;-471;296640;0,00
54531;130;-108;-471;296640;0,00
54575;130;-108;-471;296640;0,00
54620;130;-108;-471;296640;0,00
54664;130;-107;-471;296640;0,00
54709;130;-107;-471;296640;0,00
54753;129;-108;-471;296640;0,00
54798;129;-108;-471;296640;0,00
54842;129;-109;-471;296640;0,00
54887;129;-109;-471;296640;0,00
54931;130;-108;-471;296640;0,00
54976;130;-108;-471;296640;0,00
55020;130;-108;-471;296640;0,00
55065;129;-108;-472;296640;0,00
55109;129;-108;-472;296640;0,00
55155;130;-108;-470;296640;0,00
55200;130;-108;-470;296640;0,00
55244;130;-108;-471;296640;0,00
55289;130;-108;-471;296640;0,00
55333;131;-109;-470;296640;0,00
55377;131;-109;-470;296640;0,00
55422;131;-109;-470;296640;0,00
55466;128;-104;-464;299520;0,00
55511;128;-104;-464;299520;0,00
55555;121;-101;-453;299520;0,01
55599;121;-101;-453;299520;0,01
55644;111;-92;-436;299520;0,01
55688;111;-92;-436;299520;0,02
55733;104;-87;-425;302400;0,02
55777;104;-87;-425;302400;0,03
55821;104;-87;-425;302400;0,03
55867;100;-81;-415;305280;0,03
55913;100;-81;-415;305280;0,04
55957;95;-80;-404;305280;0,04
56001;95;-80;-404;305280;0,04
56046;86;-72;-387;308160;0,05
56090;86;-72;-387;308160;0,05
56135;79;-65;-373;311040;0,06
56179;79;-65;-373;311040;0,06
56223;79;-65;-373;311040;0,06
56268;75;-64;-364;313920;0,07
56312;75;-64;-364;313920;0,07
56356;73;-60;-357;313920;0,07
56401;73;-60;-357;313920;0,08
56445;67;-57;-346;313920;0,08
56490;67;-57;-346;313920;0,09
56534;62;-51;-333;313920;0,09
56578;62;-51;-333;313920;0,09
56624;62;-51;-333;313920;0,10
56669;58;-50;-327;316800;0,10
56713;58;-50;-327;316800;0,10
56758;58;-48;-321;316800;0,11
56802;58;-48;-321;316800;0,11
56847;55;-46;-316;316800;0,11
56891;55;-46;-316;316800;0,12
56936;55;-44;-311;319680;0,12
56980;55;-44;-311;319680;0,13
57025;55;-44;-311;319680;0,13
57069;45;-38;-295;319680;0,13
57114;45;-38;-295;319680;0,14
57158;41;-37;-285;319680;0,14
57203;41;-37;-285;319680;0,14
57247;37;-34;-276;319680;0,15
57292;37;-34;-276;319680;0,15
57336;34;-31;-272;322560;0,16
57383;34;-31;-272;322560;0,16
57427;34;-31;-272;322560;0,16
57472;33;-30;-265;325440;0,17
57516;33;-30;-265;325440;0,17
57561;30;-30;-261;325440;0,17
57605;30;-30;-261;325440;0,18
57650;29;-27;-255;325440;0,18
57694;29;-27;-255;325440;0,19
57739;25;-25;-250;325440;0,19
57783;25;-25;-250;325440;0,19
57828;25;-25;-250;325440;0,20
57872;22;-22;-242;328320;0,20
57917;22;-22;-242;328320;0,20
57961;20;-20;-236;328320;0,21
58006;20;-20;-236;328320;0,21
58050;17;-18;-232;331200;0,21
58095;17;-18;-232;331200;0,22
58141;16;-17;-227;334080;0,22
58185;16;-17;-227;334080;0,23
58230;16;-17;-227;334080;0,23
58274;14;-17;-221;334080;0,23
58319;14;-17;-221;334080;0,24
58363;12;-14;-217;336960;0,24
58408;12;-14;-217;336960;0,24
58452;10;-15;-212;339840;0,25
58497;10;-15;-212;339840;0,25
58541;9;-13;-209;342720;0,26
58586;9;-13;-209;342720;0,26
58630;9;-13;-209;342720;0,26
58675;6;-13;-204;342720;0,27
58719;6;-13;-204;342720;0,27
58764;4;-10;-200;342720;0,27
58808;4;-10;-200;342720;0,28
58853;3;-9;-196;342720;0,28
58899;3;-9;-196;342720;0,29
58943;2;-9;-193;342720;0,29
58988;2;-9;-193;342720;0,29
59032;2;-9;-193;342720;0,30
59077;1;-10;-190;345600;0,30
59121;1;-10;-190;345600;0,30
59166;0;-6;-185;345600;0,31
59210;0;-6;-185;345600;0,31
59255;-2;-6;-182;345600;0,31
59299;-2;-6;-182;345600;0,32
59344;-3;-5;-179;348480;0,32
59388;-3;-5;-179;348480;0,33
59433;-3;-5;-179;348480;0,33
59477;-5;-6;-176;348480;0,33
59522;-5;-6;-176;348480;0,34
59566;-6;-4;-173;348480;0,34
59611;-6;-4;-173;348480;0,34
59655;-7;-3;-170;351360;0,35
59701;-7;-3;-170;351360;0,35
59746;-9;-3;-166;348480;0,36
59790;-9;-3;-166;348480;0,36
59834;-9;-3;-166;348480;0,36
59879;-8;-2;-164;351360;0,37
59923;-8;-2;-164;351360;0,37
59968;-11;-1;-161;354240;0,37
60012;-11;-1;-161;354240;0,38
60057;-11;-2;-158;354240;0,38
60101;-11;-2;-158;354240;0,39
60146;-13;-1;-155;357120;0,39
60190;-13;-1;-155;357120;0,39
60235;-13;-1;-155;357120;0,40
60279;-13;1;-153;360000;0,40
60324;-13;1;-153;360000;0,40
60368;-13;1;-151;362880;0,41
60413;-13;1;-151;362880;0,41
60457;-16;2;-148;365760;0,41
60503;-16;2;-148;365760;0,42
60548;-15;2;-145;371520;0,42
60592;-15;2;-145;371520;0,43
60637;-15;2;-145;371520;0,43
60681;-17;3;-143;371520;0,43
60726;-17;3;-143;371520;0,44
60770;-18;3;-140;374400;0,44
60815;-18;3;-140;374400;0,44
60859;-18;3;-139;374400;0,45
60904;-18;3;-139;374400;0,45
60948;-19;3;-136;377280;0,46
60993;-19;3;-136;377280;0,46
61037;-19;3;-136;377280;0,46
61082;-19;3;-134;380160;0,47
61126;-19;3;-134;380160;0,47
61171;-20;5;-132;383040;0,47
61215;-20;5;-132;383040;0,48
61261;-20;4;-129;385920;0,48
61306;-20;4;-129;385920;0,49
61350;-20;4;-129;391680;0,49
61394;-20;4;-129;391680;0,49
61439;-20;4;-129;391680;0,50
61483;-23;6;-126;394560;0,50
61527;-23;6;-126;394560;0,50
61572;-23;5;-123;397440;0,51
61616;-23;5;-123;397440;0,51
61661;-23;6;-122;400320;0,51
61705;-23;6;-122;400320;0,52
61749;-24;6;-120;400320;0,52
61794;-24;6;-120;400320;0,53
61838;-24;6;-120;400320;0,53
61882;-24;7;-118;400320;0,53
61927;-24;7;-118;400320;0,54
61971;-24;7;-117;403200;0,54
62016;-24;7;-117;403200;0,54
62061;-26;7;-116;406080;0,55
62106;-26;7;-116;406080;0,55
62150;-26;8;-114;411840;0,56
62195;-26;8;-114;411840;0,56
62239;-26;8;-114;411840;0,56
62283;-27;9;-112;414720;0,57
62328;-27;9;-112;414720;0,57
62372;-26;8;-112;417600;0,57
62417;-26;8;-112;417600;0,58
62461;-27;8;-110;420480;0,58
62505;-27;8;-110;420480;0,59
62550;-27;8;-110;423360;0,59
62594;-27;9;-108;423360;0,59
62639;-27;9;-108;423360;0,60
62683;-27;8;-107;426240;0,60
62727;-27;8;-107;426240;0,60
62772;-28;8;-106;429120;0,61
62816;-28;8;-106;429120;0,61
62862;-29;8;-104;432000;0,61
62907;-29;8;-104;432000;0,62
62951;-29;8;-104;434880;0,62
62996;-28;9;-103;434880;0,63
63040;-28;9;-103;434880;0,63
63085;-30;9;-101;437760;0,63
63129;-30;9;-101;437760;0,64
63173;-30;8;-101;443520;0,64
63218;-30;8;-101;443520;0,64
63262;-31;8;-100;443520;0,65
63307;-31;8;-100;443520;0,65
63351;-31;8;-100;446400;0,66
63396;-31;8;-99;446400;0,66
63440;-31;8;-99;446400;0,66
63485;-31;9;-98;449280;0,67
63529;-31;9;-98;449280;0,67
63574;-31;9;-95;452160;0,67
63620;-31;9;-95;452160;0,68
63664;-32;10;-96;457920;0,68
63709;-32;10;-96;457920;0,69
63753;-32;10;-96;460800;0,69
63798;-32;9;-96;460800;0,69
63842;-32;9;-96;460800;0,70
63887;-32;9;-93;463680;0,70
63931;-32;9;-93;463680;0,70
63976;-32;10;-92;463680;0,71
64020;-32;10;-92;463680;0,71
64065;-33;10;-91;466560;0,71
64109;-33;10;-91;466560;0,72
64154;-33;10;-91;469440;0,72
64198;-33;11;-90;469440;0,73
64243;-33;11;-90;469440;0,73
64287;-33;11;-89;472320;0,73
64332;-33;11;-89;472320;0,74
64376;-34;12;-88;475200;0,74
64422;-34;12;-88;475200;0,74
64467;-34;11;-86;480960;0,75
64511;-34;11;-86;480960;0,75
64556;-34;11;-86;486720;0,76
64600;-34;10;-86;486720;0,76
64645;-34;10;-86;486720;0,76
64689;-36;12;-85;486720;0,77
64734;-36;12;-85;486720;0,77
64778;-35;12;-84;486720;0,77
64823;-35;12;-84;486720;0,78
64867;-36;12;-84;489600;0,78
64912;-36;12;-84;489600;0,79
64956;-36;12;-84;492480;0,79
65001;-36;13;-83;492480;0,79
65045;-36;13;-83;492480;0,80
65090;-36;12;-82;498240;0,80
65134;-36;12;-82;498240;0,80
65179;-36;13;-80;501120;0,81
65225;-36;13;-80;501120;0,81
65269;-35;13;-80;504000;0,81
65314;-35;13;-80;504000;0,82
65358;-35;13;-80;509760;0,82
65403;-36;12;-80;509760;0,83
65447;-36;12;-80;509760;0,83
65492;-36;12;-78;512640;0,83
65536;-36;12;-78;512640;0,84
65581;-36;13;-79;512640;0,84
65625;-36;13;-79;512640;0,84
65670;-37;12;-77;515520;0,85
65714;-37;12;-77;515520;0,85
65759;-37;12;-77;521280;0,86
65803;-36;13;-77;521280;0,86
65848;-36;13;-77;521280;0,86
65892;-37;13;-76;524160;0,87
65937;-37;13;-76;524160;0,87
65981;-37;14;-76;529920;0,87
66028;-37;14;-76;529920;0,88
66072;-37;13;-74;532800;0,88
66116;-37;13;-74;532800;0,89
66161;-37;13;-74;535680;0,89
66205;-38;13;-73;535680;0,89
66250;-38;13;-73;535680;0,90
66294;-36;12;-74;538560;0,90
66339;-36;12;-74;538560;0,90
66383;-38;12;-74;541440;0,91
66428;-38;12;-74;541440;0,91
66472;-38;12;-71;544320;0,91
66517;-38;12;-71;544320;0,92
66561;-38;12;-71;547200;0,92
66606;-37;14;-70;547200;0,93
66650;-37;14;-70;547200;0,93
66696;-38;13;-71;550080;0,93
66740;-38;13;-71;550080;0,94
66786;-38;14;-71;552960;0,94
66831;-38;14;-71;552960;0,94
66875;-38;13;-69;558720;0,95
66920;-38;13;-69;558720;0,95
66964;-38;15;-71;564480;0,96
67009;-38;15;-71;564480;0,96
67053;-38;15;-71;564480;0,96
67098;-38;14;-69;570240;0,97
67142;-38;14;-69;570240;0,97
67187;-39;14;-68;578880;0,97
67231;-39;14;-68;578880;0,98
67276;-39;15;-68;584640;0,98
67320;-39;15;-68;584640;0,99
67365;-39;15;-68;593280;0,99
67409;-39;14;-69;593280;0,99
67454;-39;14;-69;593280;1,00
67498;-40;14;-67;599040;1,00
67543;-40;14;-67;599040;1,00
67589;-39;14;-66;604800;1,01
67633;-39;14;-66;604800;1,01
67678;-39;13;-66;613440;1,01
67722;-39;13;-66;613440;1,02
67766;-39;13;-66;622080;1,02
67811;-39;13;-67;622080;1,03
67855;-39;13;-67;622080;1,03
67900;-40;13;-66;630720;1,03
67944;-40;13;-66;630720;1,04
67988;-40;15;-64;633600;1,04
68033;-40;15;-64;633600;1,04
68078;-39;12;-65;642240;1,05
68122;-39;12;-65;642240;1,05
68167;-39;12;-65;648000;1,06
68211;-40;13;-64;648000;1,06
68255;-40;13;-64;648000;1,06
68300;-40;12;-63;656640;1,07
68344;-40;12;-63;656640;1,07
68390;-40;14;-64;659520;1,07
68434;-40;14;-64;659520;1,08
68479;-41;13;-64;662400;1,08
68523;-41;13;-64;662400;1,09
68567;-41;13;-64;662400;1,09
68612;-41;15;-64;662400;1,09
68656;-41;15;-64;662400;1,10
68701;-41;14;-63;668160;1,10
68745;-41;14;-63;668160;1,10
68789;-41;15;-61;673920;1,11
68834;-41;15;-61;673920;1,11
68878;-40;15;-64;679680;1,11
68922;-40;15;-64;679680;1,12
68967;-40;15;-64;685440;1,12
69011;-40;16;-62;685440;1,13
69056;-40;16;-62;685440;1,13
69100;-41;15;-61;691200;1,13
69146;-41;15;-61;691200;1,14
69190;-42;14;-61;694080;1,14
69235;-42;14;-61;694080;1,14
69279;-42;14;-60;699840;1,15
69324;-42;14;-60;699840;1,15
69368;-42;14;-60;705600;1,16
69413;-42;14;-60;705600;1,16
69457;-42;14;-60;705600;1,16
69502;-42;14;-61;708480;1,17
69546;-42;14;-61;708480;1,17
69591;-41;14;-59;714240;1,17
69635;-41;14;-59;714240;1,18
69680;-42;16;-59;717120;1,18
69724;-42;16;-59;717120;1,19
69769;-42;16;-59;720000;1,19
69813;-43;14;-58;720000;1,19
69858;-43;14;-58;720000;1,20
69902;-42;14;-60;725760;1,20
69949;-42;14;-60;725760;1,20
69993;-42;14;-59;737280;1,21
70037;-42;14;-59;737280;1,21
70082;-42;14;-58;748800;1,21
70126;-42;14;-58;748800;1,22
70171;-42;14;-58;760320;1,22
70215;-42;16;-57;760320;1,23
70260;-42;16;-57;760320;1,23
70304;-42;14;-56;771840;1,23
70349;-42;14;-56;771840;1,24
70393;-42;15;-57;777600;1,24
70438;-42;15;-57;777600;1,24
70482;-42;15;-55;789120;1,25
70527;-42;15;-55;789120;1,25
70571;-42;15;-55;806400;1,26
70616;-42;15;-57;806400;1,26
70660;-42;15;-57;806400;1,26
70705;-42;15;-56;806400;1,27
70752;-42;15;-56;806400;1,27
70796;-42;16;-56;823680;1,27
70841;-42;16;-56;823680;1,28
70885;-42;15;-55;835200;1,28
70930;-42;15;-55;835200;1,29
70974;-42;15;-55;835200;1,29
71019;-42;15;-55;835200;1,29
71063;-42;15;-55;835200;1,30
71108;-42;16;-55;840960;1,30
71152;-42;16;-55;840960;1,30
71197;-42;15;-55;846720;1,31
71241;-42;15;-55;846720;1,31
71286;-42;15;-54;858240;1,31
71330;-42;15;-54;858240;1,32
71375;-42;15;-54;858240;1,32
71419;-42;15;-55;858240;1,33
71464;-42;15;-55;858240;1,33
71510;-43;15;-54;869760;1,33
71554;-43;15;-54;869760;1,34
71599;-43;15;-53;875520;1,34
71643;-43;15;-53;875520;1,34
71688;-42;14;-53;887040;1,35
71732;-42;14;-53;887040;1,35
71777;-42;14;-53;898560;1,36
71821;-43;15;-54;898560;1,36
71866;-43;15;-54;898560;1,36
71910;-41;14;-53;910080;1,37
71955;-41;14;-53;910080;1,37
71999;-42;15;-54;921600;1,37
72044;-42;15;-54;921600;1,38
72089;-43;15;-53;933120;1,38
72134;-43;15;-53;933120;1,39
72178;-43;15;-53;956160;1,39
72223;-42;16;-53;956160;1,39
72267;-42;16;-53;956160;1,40
72313;-43;16;-52;973440;1,40
72358;-43;16;-52;973440;1,40
72402;-42;15;-53;984960;1,41
72447;-42;15;-53;984960;1,41
72491;-42;15;-53;1002240;1,41
72536;-42;15;-53;1002240;1,42
72580;-42;15;-53;1025280;1,42
72625;-42;15;-52;1025280;1,43
72669;-42;15;-52;1025280;1,43
72714;-42;15;-52;1048320;1,43
72758;-42;15;-52;1048320;1,44
72803;-43;15;-52;1059840;1,44
72847;-43;15;-52;1059840;1,44
72892;-42;14;-52;1077120;1,45
72936;-42;14;-52;1077120;1,45
72981;-42;14;-52;1088640;1,46
73025;-42;15;-52;1088640;1,46
73071;-42;15;-52;1105920;1,46
73116;-43;14;-52;1105920;1,47
73160;-43;14;-52;1105920;1,47
73205;-43;15;-51;1117440;1,47
73249;-43;15;-51;1117440;1,48
73294;-43;15;-51;1123200;1,48
73338;-43;15;-51;1123200;1,49
73383;-43;15;-51;1146240;1,49
73428;-43;15;-51;1146240;1,49
73473;-43;15;-51;1163520;1,50
73517;-43;14;-51;1163520;1,50
73562;-43;14;-51;1163520;1,50
73606;-42;15;-49;1180800;1,51
73651;-42;15;-49;1180800;1,51
73695;-42;15;-51;1203840;1,51
73740;-42;15;-51;1203840;1,52
73784;-42;15;-51;1226880;1,52
73830;-43;16;-50;1226880;1,53
73875;-43;16;-50;1249920;1,53
73919;-42;16;-50;1249920;1,53
73964;-42;16;-50;1249920;1,54
74008;-43;15;-49;1272960;1,54
74052;-43;15;-49;1272960;1,54
74097;-43;16;-49;1296000;1,55
74141;-43;16;-49;1296000;1,55
74186;-43;16;-49;1307520;1,56
74230;-44;17;-49;1307520;1,56
74274;-44;17;-49;1336320;1,56
74319;-43;15;-49;1336320;1,57
74363;-43;15;-49;1336320;1,57
74408;-42;15;-50;1365120;1,57
74452;-42;15;-50;1365120;1,58
74496;-43;15;-50;1382400;1,58
74541;-43;15;-50;1382400;1,59
74587;-43;15;-50;1399680;1,59
74631;-43;15;-48;1399680;1,59
74675;-43;15;-48;1416960;1,60
74720;-43;16;-50;1416960;1,60
74764;-43;16;-50;1416960;1,60
74808;-43;14;-49;1451520;1,61
74853;-43;14;-49;1451520;1,61
74897;-44;16;-49;1474560;1,61
74941;-44;16;-49;1474560;1,62
74986;-44;16;-49;1474560;1,62
75030;-44;15;-49;1474560;1,63
75075;-44;15;-49;1474560;1,63
75119;-44;15;-49;1486080;1,63
75163;-44;15;-49;1486080;1,64
75208;-43;16;-48;1486080;1,64
75252;-43;16;-48;1486080;1,64
75297;-44;15;-49;1497600;1,65
75347;-44;15;-49;1497600;1,65
75641;-43;16;-49;1589760;1,66
75686;-43;16;-49;1624320;1,66
75731;-44;16;-47;1624320;1,66
75775;-44;16;-47;1624320;1,67
75820;-44;16;-48;1647360;1,67
75864;-44;16;-48;1647360;1,67
75909;-45;15;-48;1670400;1,68
75953;-45;15;-48;1670400;1,68
75998;-44;16;-47;1681920;1,69
76043;-44;16;-47;1681920;1,69
76087;-44;16;-47;1704960;1,69
76132;-43;17;-48;1704960;1,70
76176;-43;17;-48;1704960;1,70
76221;-44;15;-48;1739520;1,70
76265;-44;15;-48;1739520;1,71
76310;-44;15;-49;1762560;1,71
76356;-44;15;-49;1762560;1,71
76401;-44;17;-47;1785600;1,72
76445;-44;17;-47;1785600;1,72
76490;-44;17;-47;1820160;1,73
76534;-44;15;-47;1820160;1,73
76579;-44;15;-47;1820160;1,73
76623;-44;16;-47;1854720;1,74
76668;-44;16;-47;1854720;1,74
76712;-43;16;-47;1877760;1,74
76757;-43;16;-47;1877760;1,75
76801;-43;16;-47;1912320;1,75
76846;-43;16;-47;1912320;1,76
76890;-43;16;-47;1935360;1,76
76935;-43;15;-48;1935360;1,76
76980;-43;15;-48;1935360;1,77
77024;-43;14;-48;1969920;1,77
77068;-43;14;-48;1969920;1,77
77115;-44;18;-47;1992960;1,78
77159;-44;18;-47;1992960;1,78
77204;-43;16;-46;2016000;1,79
77248;-43;16;-46;2016000;1,79
77293;-43;16;-46;2039040;1,79
77337;-44;16;-48;2039040;1,80
77382;-44;16;-48;2085120;1,80
77426;-43;15;-46;2085120;1,80
77471;-43;15;-46;2085120;1,80
77515;-43;15;-46;2108160;1,80
77560;-43;15;-46;2108160;1,80
77604;-43;14;-46;2131200;1,80
77649;-43;14;-46;2131200;1,80
77693;-43;14;-46;2142720;1,80
77738;-43;15;-46;2142720;1,80
77782;-43;15;-46;2142720;1,80
77827;-43;17;-46;2154240;1,80
77873;-43;17;-46;2154240;1,80
77917;-42;16;-46;2154240;1,80
77962;-42;16;-46;2154240;1,80
78006;-44;15;-46;2165760;1,80
78051;-44;15;-46;2165760;1,80
78095;-44;15;-46;2165760;1,80
78140;-43;16;-46;2165760;1,80
78184;-43;16;-46;2165760;1,80
78229;-42;16;-48;2165760;1,80
78273;-42;16;-48;2165760;1,80
78318;-43;15;-46;2177280;1,80
78363;-43;15;-46;2177280;1,80
78407;-42;17;-46;2177280;1,80
78452;-42;17;-46;2177280;1,80
78496;-42;17;-46;2177280;1,80
78541;-43;16;-47;2177280;1,80
78585;-43;16;-47;2177280;1,80
78630;-43;16;-48;2177280;1,80
78676;-43;16;-48;2177280;1,80
78720;-43;16;-45;2177280;1,80
78765;-43;16;-45;2177280;1,80
78809;-43;15;-46;2177280;1,80
78854;-43;15;-46;2177280;1,80
78898;-43;15;-46;2188800;1,80
78943;-42;15;-47;2188800;1,80
78987;-42;15;-47;2188800;1,80
79032;-44;14;-46;2188800;1,80
79076;-44;14;-46;2188800;1,80
79121;-43;16;-46;2188800;1,80
79165;-43;16;-46;2188800;1,80
79210;-43;15;-46;2188800;1,80
79254;-43;15;-46;2188800;1,80
79299;-43;15;-46;2200320;1,80
79343;-42;16;-47;2200320;1,80
79388;-42;16;-47;2211840;1,80
79434;-41;16;-47;2211840;1,80
79479;-41;16;-47;2211840;1,80
79523;-42;15;-46;2211840;1,80
79568;-42;15;-46;2211840;1,80
79612;-42;15;-45;2211840;1,80
79657;-42;15;-45;2211840;1,80
79701;-42;15;-45;2223360;1,80
79746;-43;17;-46;2223360;1,80
79790;-43;17;-46;2223360;1,80
79835;-42;16;-46;2223360;1,80
79879;-42;16;-46;2223360;1,80
79924;-43;16;-47;2211840;1,80
79968;-43;16;-47;2211840;1,80
80013;-42;16;-45;2200320;1,80
80057;-42;16;-45;2200320;1,80
80102;-42;16;-45;2177280;1,80
80146;-42;16;-47;2177280;1,80
80192;-42;16;-47;2154240;1,80
80237;-42;14;-47;2154240;1,80
80281;-42;14;-47;2154240;1,80
80325;-42;16;-47;2131200;1,80
80370;-42;16;-47;2131200;1,79
80414;-43;17;-47;2096640;1,79
80459;-43;17;-47;2096640;1,78
80503;-43;17;-47;2073600;1,78
80547;-43;16;-48;2073600;1,78
80592;-43;16;-48;2050560;1,77
80636;-43;15;-47;2050560;1,77
80681;-43;15;-47;2050560;1,77
80725;-42;16;-46;2016000;1,76
80769;-42;16;-46;2016000;1,76
80814;-43;17;-47;1981440;1,75
80858;-43;17;-47;1981440;1,75
80902;-43;17;-47;1958400;1,75
80948;-43;15;-47;1958400;1,74
80993;-43;15;-47;1935360;1,74
81038;-43;15;-48;1935360;1,73
81082;-43;15;-48;1935360;1,73
81127;-43;16;-48;1900800;1,73
81171;-43;16;-48;1900800;1,72
81216;-43;16;-47;1866240;1,72
81260;-43;16;-47;1866240;1,72
81304;-43;16;-47;1843200;1,71
81349;-43;16;-46;1843200;1,71
81393;-43;16;-46;1820160;1,70
81438;-43;16;-47;1820160;1,70
81482;-43;16;-47;1820160;1,70
81526;-43;15;-48;1797120;1,69
81571;-43;15;-48;1797120;1,69
81615;-42;16;-47;1762560;1,68
81660;-42;16;-47;1762560;1,68
81706;-42;16;-47;1739520;1,68
81750;-42;16;-48;1739520;1,67
81795;-42;16;-48;1704960;1,67
81839;-43;15;-48;1704960;1,67
81884;-43;15;-48;1704960;1,66
81928;-42;15;-49;1681920;1,66
81973;-42;15;-49;1681920;1,65
82017;-43;15;-48;1647360;1,65
82062;-43;15;-48;1647360;1,65
82106;-43;15;-48;1624320;1,64
82151;-43;15;-49;1624320;1,64
82195;-43;15;-49;1601280;1,63
82240;-43;15;-48;1601280;1,63
82284;-43;15;-48;1601280;1,63
82329;-42;16;-48;1578240;1,62
82373;-42;16;-48;1578240;1,62
82418;-43;15;-49;1555200;1,62
82464;-43;15;-49;1555200;1,61
82508;-43;15;-49;1520640;1,61
82553;-42;14;-48;1520640;1,60
82597;-42;14;-48;1497600;1,60
82642;-42;15;-50;1497600;1,60
82686;-42;15;-50;1497600;1,59
82731;-43;15;-48;1474560;1,59
82775;-43;15;-48;1474560;1,58
82820;-43;15;-50;1463040;1,58
82864;-43;15;-50;1463040;1,58
82909;-43;15;-50;1422720;1,57
82953;-43;15;-50;1422720;1,57
82998;-43;15;-50;1393920;1,57
83042;-42;15;-50;1393920;1,56
83087;-42;15;-50;1393920;1,56
83132;-42;15;-49;1359360;1,55
83176;-42;15;-49;1359360;1,55
83222;-43;15;-50;1330560;1,55
83267;-43;15;-50;1330560;1,54
83311;-43;15;-50;1307520;1,54
83356;-42;15;-51;1307520;1,53
83400;-42;15;-51;1284480;1,53
83445;-43;14;-50;1284480;1,53
83489;-43;14;-50;1284480;1,52
83534;-42;14;-50;1267200;1,52
83578;-42;14;-50;1267200;1,52
83623;-43;15;-51;1249920;1,51
83667;-43;15;-51;1249920;1,51
83712;-43;15;-51;1221120;1,50
83756;-43;15;-51;1221120;1,50
83801;-43;15;-51;1203840;1,50
83845;-43;15;-51;1203840;1,49
83890;-43;15;-51;1203840;1,49
83934;-42;14;-50;1192320;1,48
83980;-42;14;-50;1192320;1,48
84025;-43;14;-50;1180800;1,48
84069;-43;14;-50;1180800;1,47
84114;-43;14;-50;1175040;1,47
84158;-42;15;-50;1175040;1,47
84203;-42;15;-50;1157760;1,46
84247;-42;15;-51;1157760;1,46
84292;-42;15;-51;1157760;1,45
84336;-43;15;-51;1140480;1,45
84381;-43;15;-51;1140480;1,45
84426;-43;15;-51;1123200;1,44
84470;-43;15;-51;1123200;1,44
84515;-43;15;-51;1105920;1,43
84559;-42;15;-52;1105920;1,43
84604;-42;15;-52;1088640;1,43
84648;-42;16;-51;1088640;1,42
84693;-42;16;-51;1088640;1,42
84739;-42;15;-53;1065600;1,42
84783;-42;15;-53;1065600;1,41
84828;-42;14;-53;1054080;1,41
84872;-42;14;-53;1054080;1,40
84917;-42;14;-53;1036800;1,40
84961;-41;14;-51;1036800;1,40
85006;-41;14;-51;1019520;1,39
85050;-41;14;-54;1019520;1,39
85095;-41;14;-54;1019520;1,38
85139;-43;14;-53;1002240;1,38
85184;-43;14;-53;1002240;1,38
85228;-41;15;-53;990720;1,37
85273;-41;15;-53;990720;1,37
85317;-41;15;-53;979200;1,37
85362;-42;16;-52;979200;1,36
85406;-42;16;-52;967680;1,36
85451;-43;16;-53;967680;1,35
85497;-43;16;-53;967680;1,35
85541;-42;15;-55;950400;1,35
85586;-42;15;-55;950400;1,34
85630;-41;14;-53;938880;1,34
85675;-41;14;-53;938880;1,33
85719;-41;14;-53;927360;1,33
85764;-41;15;-53;927360;1,33
85808;-41;15;-53;915840;1,32
85853;-42;15;-54;915840;1,32
85897;-42;15;-54;915840;1,32
85942;-43;15;-55;904320;1,31
85986;-43;15;-55;904320;1,31
86031;-42;15;-54;898560;1,30
86075;-42;15;-54;898560;1,30
86120;-42;15;-54;887040;1,30
86164;-42;14;-54;887040;1,29
86209;-42;14;-54;875520;1,29
86253;-42;15;-55;875520;1,28
86299;-42;15;-55;875520;1,28
86344;-42;15;-56;869760;1,28
86388;-42;15;-56;869760;1,27
86433;-42;14;-56;858240;1,27
86477;-42;14;-56;858240;1,27
86521;-42;14;-56;846720;1,26
86566;-42;15;-55;846720;1,26
86610;-42;15;-55;835200;1,25
86655;-42;14;-55;835200;1,25
86699;-42;14;-55;835200;1,25
86743;-42;15;-56;829440;1,24
86788;-42;15;-56;829440;1,24
86832;-42;15;-57;812160;1,23
86876;-42;15;-57;812160;1,23
86921;-42;15;-57;800640;1,23
86965;-41;14;-57;800640;1,22
87010;-41;14;-57;789120;1,22
87054;-42;15;-57;789120;1,22
87100;-42;15;-57;789120;1,21
87144;-41;14;-59;777600;1,21
87188;-41;14;-59;777600;1,20
87233;-41;15;-60;771840;1,20
87277;-41;15;-60;771840;1,20
87322;-41;15;-60;760320;1,19
87366;-41;14;-57;760320;1,19
87410;-41;14;-57;754560;1,18
87455;-42;14;-59;754560;1,18
87499;-42;14;-59;754560;1,18
87544;-42;15;-59;743040;1,17
87588;-42;15;-59;743040;1,17
87632;-42;15;-58;743040;1,17
87677;-42;15;-58;743040;1,16
87721;-42;15;-58;734400;1,16
87765;-42;14;-59;734400;1,15
87810;-42;14;-59;725760;1,15
87856;-41;15;-60;725760;1,15
87900;-41;15;-60;725760;1,14
87945;-41;14;-60;720000;1,14
87989;-41;14;-60;720000;1,13
88034;-41;14;-61;717120;1,13
88078;-41;14;-61;717120;1,13
88123;-41;14;-61;720000;1,12
88167;-42;14;-61;720000;1,12
88212;-42;14;-61;714240;1,12
88256;-40;15;-62;714240;1,11
88301;-40;15;-62;714240;1,11
88345;-41;14;-61;708480;1,10
88390;-41;14;-61;708480;1,10
88434;-41;14;-63;705600;1,10
88479;-41;14;-63;705600;1,09
88523;-41;14;-63;702720;1,09
88568;-41;15;-63;702720;1,08
88612;-41;15;-63;696960;1,08
88658;-41;12;-62;696960;1,08
88703;-41;12;-62;696960;1,07
88747;-40;14;-63;691200;1,07
88792;-40;14;-63;691200;1,07
88836;-41;13;-63;688320;1,06
88881;-41;13;-63;688320;1,06
88925;-41;13;-63;682560;1,05
88970;-40;14;-63;682560;1,05
89014;-40;14;-63;673920;1,05
89059;-41;12;-64;673920;1,04
89103;-41;12;-64;673920;1,04
89148;-40;14;-65;665280;1,03
89192;-40;14;-65;665280;1,03
89237;-40;14;-64;656640;1,03
89281;-40;14;-64;656640;1,02
89326;-40;14;-64;650880;1,02
89370;-40;12;-65;650880;1,02
89415;-40;12;-65;642240;1,01
89461;-40;12;-65;642240;1,01
89505;-40;12;-65;642240;1,00
89550;-39;13;-66;633600;1,00
89595;-39;13;-66;633600;1,00
89639;-40;14;-67;630720;0,99
89683;-40;14;-67;630720;0,99
89728;-40;14;-67;624960;0,98
89772;-39;14;-67;624960;0,98
89817;-39;14;-67;616320;0,98
89861;-40;12;-68;616320;0,97
89906;-40;12;-68;616320;0,97
89950;-40;13;-68;610560;0,97
89995;-40;13;-68;610560;0,96
90039;-40;14;-69;604800;0,96
90084;-40;14;-69;604800;0,95
90128;-40;14;-69;599040;0,95
90173;-40;14;-69;599040;0,95
90219;-40;14;-69;596160;0,94
90263;-39;13;-69;596160;0,94
90308;-39;13;-69;596160;0,93
90353;-39;14;-70;590400;0,93
90397;-39;14;-70;590400;0,93
90442;-38;15;-72;584640;0,92
90486;-38;15;-72;584640;0,92
90530;-38;15;-72;584640;0,92
90575;-38;14;-71;584640;0,91
90619;-38;14;-71;578880;0,91
90664;-39;13;-71;578880;0,90
90708;-39;13;-71;578880;0,90
90753;-38;14;-72;576000;0,90
90797;-38;14;-72;576000;0,89
90842;-39;14;-73;567360;0,89
90886;-39;14;-73;567360;0,88
90931;-39;14;-73;561600;0,88
90975;-38;14;-74;561600;0,88
91022;-38;14;-74;558720;0,87
91066;-38;15;-74;558720;0,87
91110;-38;15;-74;558720;0,87
91155;-38;14;-74;552960;0,86
91199;-38;14;-74;552960;0,86
91244;-39;14;-76;547200;0,85
91288;-39;14;-76;547200;0,85
91333;-39;14;-76;541440;0,85
91377;-38;13;-76;541440;0,84
91422;-38;13;-76;541440;0,84
91466;-38;12;-76;541440;0,83
91511;-38;12;-76;541440;0,83
91555;-38;14;-77;538560;0,83
91600;-38;14;-77;538560;0,82
91644;-38;14;-77;532800;0,82
91689;-38;14;-77;532800;0,82
91733;-38;14;-77;529920;0,81
91778;-38;12;-77;529920;0,81
91825;-38;12;-77;524160;0,80
91869;-38;13;-78;524160;0,80
91914;-38;13;-78;524160;0,80
91958;-38;13;-80;521280;0,79
92003;-38;13;-80;521280;0,79
92047;-37;14;-81;515520;0,78
92092;-37;14;-81;515520;0,78
92136;-37;14;-81;512640;0,78
92181;-37;12;-81;512640;0,77
92225;-37;12;-81;506880;0,77
92270;-37;14;-83;506880;0,77
92314;-37;14;-83;506880;0,76
92359;-37;12;-84;504000;0,76
92403;-37;12;-84;504000;0,75
92448;-37;11;-84;498240;0,75
92492;-37;11;-84;498240;0,75
92537;-37;11;-84;492480;0,74
92583;-36;11;-85;492480;0,74
92627;-36;11;-85;489600;0,73
92672;-36;11;-86;489600;0,73
92716;-36;11;-86;489600;0,73
92760;-36;12;-87;486720;0,72
92805;-36;12;-87;486720;0,72
92849;-35;12;-88;483840;0,72
92894;-35;12;-88;483840;0,71
92938;-35;12;-88;480960;0,71
92982;-35;11;-90;480960;0,70
93027;-35;11;-90;475200;0,70
93071;-35;11;-90;475200;0,70
93115;-35;11;-90;475200;0,69
93161;-35;10;-91;472320;0,69
93205;-35;10;-91;472320;0,68
93249;-35;11;-92;469440;0,68
93294;-35;11;-92;469440;0,68
93338;-35;11;-92;466560;0,67
93384;-34;11;-94;466560;0,67
93428;-34;11;-94;460800;0,67
93473;-34;10;-93;460800;0,66
93517;-34;10;-93;460800;0,66
93561;-33;11;-94;460800;0,65
93606;-33;11;-94;460800;0,65
93650;-33;11;-95;457920;0,65
93695;-33;11;-95;457920;0,64
93739;-33;11;-95;457920;0,64
93783;-32;10;-98;457920;0,63
93828;-32;10;-98;455040;0,63
93872;-32;8;-98;455040;0,63
93916;-32;8;-98;455040;0,62
93961;-32;9;-99;452160;0,62
94005;-32;9;-99;452160;0,62
94050;-32;10;-100;449280;0,61
94094;-32;10;-100;449280;0,61
94138;-32;10;-100;449280;0,60
94184;-31;10;-100;449280;0,60
94229;-31;10;-100;443520;0,60
94273;-31;8;-102;443520;0,59
94318;-31;8;-102;443520;0,59
94362;-31;8;-103;443520;0,58
94407;-31;8;-103;443520;0,58
94451;-30;8;-105;440640;0,58
94496;-30;8;-105;440640;0,57
94540;-30;8;-105;434880;0,57
94585;-31;8;-107;434880;0,57
94629;-31;8;-107;432000;0,56
94674;-30;10;-109;432000;0,56
94718;-30;10;-109;432000;0,55
94763;-30;7;-110;432000;0,55
94807;-30;7;-110;432000;0,55
94852;-29;7;-111;429120;0,54
94896;-29;7;-111;429120;0,54
94942;-29;7;-111;423360;0,53
94987;-28;7;-113;423360;0,53
95032;-28;7;-113;420480;0,53
95076;-28;8;-113;420480;0,52
95121;-28;8;-113;420480;0,52
95165;-28;8;-116;417600;0,52
95210;-28;8;-116;417600;0,51
95254;-27;7;-117;411840;0,51
95299;-27;7;-117;411840;0,50
95343;-27;7;-117;408960;0,50
95388;-27;6;-119;408960;0,50
95432;-27;6;-119;403200;0,49
95477;-27;6;-121;403200;0,49
95521;-27;6;-121;403200;0,48
95566;-26;4;-122;403200;0,48
95610;-26;4;-122;403200;0,48
95655;-24;6;-125;403200;0,47
95699;-24;6;-125;403200;0,47
95745;-24;6;-125;400320;0,47
95790;-24;7;-126;400320;0,46
95834;-24;7;-126;394560;0,46
95879;-23;5;-128;394560;0,45
95923;-23;5;-128;394560;0,45
95968;-22;6;-131;391680;0,45
96012;-22;6;-131;391680;0,44
96057;-22;4;-135;383040;0,44
96101;-22;4;-135;383040;0,43
96146;-22;4;-135;380160;0,43
96190;-21;3;-135;380160;0,43
96234;-21;3;-135;374400;0,42
96279;-21;4;-138;374400;0,42
96323;-21;4;-138;374400;0,42
96368;-20;2;-140;371520;0,41
96412;-20;2;-140;371520;0,41
96457;-19;2;-142;368640;0,40
96503;-19;2;-142;368640;0,40
96547;-19;2;-142;368640;0,40
96592;-18;1;-146;368640;0,39
96636;-18;1;-146;365760;0,39
96681;-18;3;-146;365760;0,38
96725;-18;3;-146;365760;0,38
96770;-16;2;-150;362880;0,38
96814;-16;2;-150;362880;0,37
96859;-14;0;-154;362880;0,37
96903;-14;0;-154;362880;0,37
96948;-14;0;-154;360000;0,36
96992;-14;1;-156;360000;0,36
97037;-14;1;-156;357120;0,35
97081;-13;-1;-159;357120;0,35
97126;-13;-1;-159;357120;0,35
97171;-12;-1;-161;357120;0,34
97216;-12;-1;-161;357120;0,34
97260;-11;-2;-165;357120;0,33
97306;-11;-2;-165;357120;0,33
97351;-11;-2;-165;360000;0,33
97395;-10;-3;-167;360000;0,32
97440;-10;-3;-167;360000;0,32
97484;-9;-4;-169;360000;0,32
97529;-9;-4;-169;360000;0,31
97573;-7;-4;-171;360000;0,31
97618;-7;-4;-171;360000;0,30
97662;-7;-5;-176;360000;0,30
97707;-7;-5;-176;360000;0,30
97752;-7;-5;-176;357120;0,29
97800;-6;-5;-178;357120;0,29
98051;-3;-6;-186;351360;0,28
98095;-2;-8;-190;351360;0,28
98140;-2;-8;-190;348480;0,28
98184;0;-8;-193;348480;0,27
98229;0;-8;-193;348480;0,27
98275;1;-9;-197;348480;0,27
98319;1;-9;-197;348480;0,26
98364;4;-11;-202;345600;0,26
98408;4;-11;-202;345600;0,25
98453;4;-11;-202;342720;0,25
98497;6;-12;-207;342720;0,25
98542;6;-12;-207;339840;0,24
98586;7;-12;-210;339840;0,24
98631;7;-12;-210;339840;0,23
98675;8;-15;-214;339840;0,23
98720;8;-15;-214;339840;0,23
98765;10;-15;-219;339840;0,22
98809;10;-15;-219;339840;0,22
98854;10;-15;-219;339840;0,22
98898;12;-17;-224;339840;0,21
98943;12;-17;-224;339840;0,21
98987;14;-17;-230;339840;0,20
99032;14;-17;-230;339840;0,20
99078;16;-19;-232;339840;0,20
99122;16;-19;-232;339840;0,19
99166;19;-20;-237;336960;0,19
99211;19;-20;-237;336960;0,18
99255;19;-20;-237;336960;0,18
99300;21;-20;-244;336960;0,18
99344;21;-20;-244;334080;0,17
99389;22;-21;-250;334080;0,17
99434;22;-21;-250;334080;0,17
99478;25;-24;-256;334080;0,16
99523;25;-24;-256;334080;0,16
99567;27;-25;-260;334080;0,15
99611;27;-25;-260;334080;0,15
99656;27;-25;-260;331200;0,15
99700;30;-27;-268;331200;0,14
99745;30;-27;-268;328320;0,14
99789;33;-31;-275;328320;0,13
99846;33;-31;-275;325440;0,13
99890;37;-32;-282;325440;0,13
99935;37;-32;-282;325440;0,12
99979;38;-34;-289;325440;0,12
100023;38;-34;-289;325440;0,12
100067;41;-36;-294;322560;0,11
100111;41;-36;-294;322560;0,11
100156;41;-36;-294;319680;0,10
100200;45;-39;-305;319680;0,10
100244;45;-39;-305;319680;0,10
100288;51;-43;-318;319680;0,09
100332;51;-43;-318;319680;0,09
100376;53;-46;-323;319680;0,08
100420;53;-46;-323;319680;0,08
100464;53;-46;-323;316800;0,08
100509;55;-48;-329;316800;0,07
100553;55;-48;-329;316800;0,07
100599;57;-49;-333;316800;0,07
100643;57;-49;-333;316800;0,06
100688;65;-53;-349;316800;0,06
100733;65;-53;-349;316800;0,05
100777;73;-62;-366;313920;0,05
100822;73;-62;-366;313920;0,05
100866;73;-62;-366;313920;0,04
100911;79;-64;-375;313920;0,04
100955;79;-64;-375;308160;0,03
101000;84;-70;-390;308160;0,03
101044;84;-70;-390;305280;0,03
101089;91;-75;-402;305280;0,02
101133;91;-75;-402;305280;0,02
101178;104;-86;-428;305280;0,02
101222;104;-86;-428;305280;0,01
101267;104;-86;-428;299520;0,01
101313;110;-91;-440;299520;0,00
101357;110;-91;-440;299520;0,00
101402;116;-96;-450;299520;0,00
101446;116;-96;-450;296640;0,00
101491;126;-106;-466;296640;0,00
101536;126;-106;-466;296640;0,00
101580;129;-107;-470;296640;0,00
101625;129;-107;-470;296640;0,00
101669;129;-107;-470;296640;0,00
101714;129;-107;-472;296640;0,00
101758;129;-107;-472;296640;0,00
101803;130;-107;-471;296640;0,00
101847;130;-107;-471;296640;0,00
101892;130;-107;-472;296640;0,00
101936;130;-107;-472;296640;0,00
101981;129;-108;-472;296640;0,00
102028;129;-108;-472;296640;0,00
102072;130;-106;-471;296640;0,00
102117;130;-106;-471;296640;0,00
102162;130;-106;-471;296640;0,00
102206;129;-108;-472;296640;0,00
102251;129;-108;-472;296640;0,00
102295;131;-107;-473;296640;0,00
102340;131;-107;-473;296640;0,00
102384;129;-108;-472;296640;0,00
102429;129;-108;-472;296640;0,00
102473;129;-108;-472;296640;0,00
102518;129;-108;-472;296640;0,00
102562;129;-108;-472;296640;0,00
102607;130;-107;-471;296640;0,00
102651;130;-107;-471;296640;0,00
102698;130;-108;-472;296640;0,00
102742;130;-108;-472;296640;0,00
102787;130;-107;-474;296640;0,00
102831;130;-107;-474;296640;0,00
102876;129;-108;-472;296640;0,00
102920;129;-108;-472;296640;0,00
102965;129;-108;-472;296640;0,00
103009;131;-108;-473;296640;0,00
103054;131;-108;-473;296640;0,00
103098;131;-108;-472;296640;0,00
103143;131;-108;-472;296640;0,00
103187;130;-107;-472;296640;0,00
103232;130;-107;-472;296640;0,00
103277;130;-108;-474;296640;0,00
103321;130;-108;-474;296640;0,00
103366;130;-108;-474;296640;0,00
103412;130;-108;-474;296640;0,00
103456;130;-108;-474;296640;0,00
103501;131;-108;-473;296640;0,00
103545;131;-108;-473;296640;0,00
103590;130;-108;-473;296640;0,00
103634;130;-108;-473;296640;0,00
103679;130;-108;-473;296640;0,00
103723;130;-108;-473;296640;0,00
103768;130;-108;-473;296640;0,00
103813;130;-109;-473;296640;0,00
103857;130;-109;-473;296640;0,00
103902;131;-108;-473;296640;0,00
103946;131;-108;-473;296640;0,00
103991;131;-108;-475;296640;0,00
104035;131;-108;-475;296640;0,00
104081;131;-108;-474;296640;0,00
104126;131;-108;-474;296640;0,00
104170;131;-108;-474;296640;0,00
104215;127;-107;-473;296640;0,00
104259;127;-107;-473;296640;0,00
104304;130;-107;-473;296640;0,00
104349;130;-107;-473;296640;0,00
104393;129;-107;-472;296640;0,00
104438;129;-107;-472;296640;0,00
104482;130;-108;-472;296640;0,00
104527;130;-108;-472;296640;0,00
104571;130;-108;-472;296640;0,00
104616;130;-108;-473;296640;0,00
104660;130;-108;-473;296640;0,00
104705;130;-106;-474;296640;0,00
104749;130;-106;-474;296640;0,00
104795;131;-107;-473;296640;0,00
104840;131;-107;-473;296640;0,00
104884;131;-107;-474;296640;0,00
104928;131;-107;-474;296640;0,00
104973;131;-107;-474;296640;0,00
105017;130;-108;-474;296640;0,00
105062;130;-108;-474;296640;0,00
105106;130;-109;-473;296640;0,00
105151;130;-109;-473;296640;0,00
105195;130;-107;-473;296640;0,00
105239;130;-107;-473;296640;0,00
105284;131;-107;-473;296640;0,00
105328;131;-107;-473;296640;0,00
105373;131;-107;-473;296640;0,00
105417;129;-110;-473;296640;0,00
105463;129;-110;-473;296640;0,00
105507;130;-108;-473;296640;0,00
105552;130;-108;-473;296640;0,00
105596;130;-107;-475;296640;0,00
105641;130;-107;-475;296640;0,00
105685;130;-108;-473;296640;0,00
105729;130;-108;-473;296640;0,00
105774;130;-108;-473;296640;0,00
105818;130;-108;-473;296640;0,00
105863;130;-108;-473;296640;0,00
105907;130;-108;-473;296640;0,00
105951;130;-108;-473;296640;0,00
105996;131;-108;-473;296640;0,00
106040;131;-108;-473;296640;0,00
106086;129;-108;-473;296640;0,00
106130;129;-108;-473;296640;0,00
106176;129;-108;-473;296640;0,00
106221;129;-107;-474;296640;0,00
106265;129;-107;-474;296640;0,00
106310;131;-108;-472;296640;0,00
106354;131;-108;-472;296640;0,00
106399;131;-108;-474;296640;0,00
106443;131;-108;-474;296640;0,00
106488;131;-108;-474;296640;0,00
106532;131;-108;-474;296640;0,00
106577;131;-108;-474;296640;0,00
106621;130;-108;-474;296640;0,00
106666;130;-108;-474;296640;0,00
106710;131;-107;-474;296640;0,00
106755;131;-107;-474;296640;0,00
106800;131;-108;-474;296640;0,00
106846;131;-108;-474;296640;0,00
106890;131;-109;-473;296640;0,00
106935;131;-109;-473;296640;0,00
106979;131;-109;-473;296640;0,00
107024;130;-108;-474;296640;0,00
107068;130;-108;-474;296640;0,00
107113;131;-108;-473;296640;0,00
107157;131;-108;-473;296640;0,00
107202;130;-108;-474;296640;0,00
107246;130;-108;-474;296640;0,00
107291;129;-108;-473;296640;0,00
107336;129;-108;-473;296640;0,00
107380;129;-108;-473;296640;0,00
107426;131;-108;-473;296640;0,00
107470;131;-108;-473;296640;0,00
107515;131;-108;-473;296640;0,00
107561;131;-108;-473;296640;0,00
107605;130;-108;-473;296640;0,00
107650;130;-108;-473;296640;0,00
107694;130;-109;-474;296640;0,00
107739;130;-109;-474;296640;0,00
107783;130;-109;-474;296640;0,00
107828;130;-108;-473;296640;0,00
107872;130;-108;-473;296640;0,00
107917;130;-108;-473;296640;0,00
107961;130;-108;-473;296640;0,00
108006;131;-107;-474;296640;0,00
108051;131;-107;-474;296640;0,00
108095;131;-108;-473;296640;0,00
108140;131;-108;-473;296640;0,00
108184;131;-108;-473;296640;0,00
108230;131;-108;-473;296640;0,00
108275;131;-108;-473;296640;0,00
108319;130;-107;-474;296640;0,00
108364;130;-107;-474;296640;0,00
108408;131;-108;-474;296640;0,00
108453;131;-108;-474;296640;0,00
108497;130;-108;-474;296640;0,00
108542;130;-108;-474;296640;0,00
108587;130;-108;-474;296640;0,00
108631;131;-108;-474;296640;0,00
108676;131;-108;-474;296640;0,00
108720;131;-108;-474;296640;0,00
108766;131;-108;-474;296640;0,00
108810;130;-107;-472;296640;0,00
108854;130;-107;-472;296640;0,00
108899;130;-108;-473;296640;0,00
108945;130;-108;-473;296640;0,00
108990;130;-108;-473;296640;0,00
109034;129;-109;-473;296640;0,00
109079;129;-109;-473;296640;0,00
109123;130;-110;-473;296640;0,00
109168;130;-110;-473;296640;0,00
109212;131;-107;-474;296640;0,00
109257;131;-107;-474;296640;0,00
109301;130;-109;-472;296640;0,00
109346;130;-109;-472;296640;0,00
109390;130;-109;-472;296640;0,00
109435;131;-108;-474;296640;0,00
109479;131;-108;-474;296640;0,00
109524;130;-108;-474;296640;0,00
109569;130;-108;-474;296640;0,00
109615;130;-108;-474;296640;0,00
109659;130;-108;-474;296640;0,00
109704;130;-107;-474;296640;0,00
109748;130;-107;-474;296640;0,00
109793;130;-107;-474;296640;0,00
109837;130;-108;-473;296640;0,00
109882;130;-108;-473;296640;0,00
109927;131;-108;-474;296640;0,00
109971;131;-108;-474;296640;0,00
110016;130;-108;-473;296640;0,00
110060;130;-108;-473;296640;0,00
110106;130;-108;-473;296640;0,00
110150;130;-108;-473;296640;0,00
110195;130;-108;-473;296640;0,00
110239;130;-108;-473;296640;0,00
110284;130;-108;-473;296640;0,00
110330;131;-107;-473;296640;0,00
110374;131;-107;-473;296640;0,00
110418;130;-107;-474;296640;0,00
110463;130;-107;-474;296640;0,00
110507;130;-107;-474;296640;0,00
110552;130;-107;-474;296640;0,00
110596;131;-108;-474;296640;0,00
110641;131;-108;-474;296640;0,00
110685;131;-108;-474;296640;0,00
110729;131;-109;-473;296640;0,00
110774;131;-109;-473;296640;0,00
110818;131;-108;-473;296640;0,00
110863;131;-108;-473;296640;0,00
110907;130;-107;-474;296640;0,00
110952;130;-107;-474;296640;0,00
110997;131;-109;-474;296640;0,00
111042;131;-109;-474;296640;0,00
111086;131;-109;-474;296640;0,00
111131;131;-108;-473;296640;0,00
111175;131;-108;-473;296640;0,00
111220;131;-108;-474;296640;0,00
111264;131;-108;-474;296640;0,00
111308;130;-107;-474;296640;0,00
111353;130;-107;-474;296640;0,00
111397;130;-107;-474;296640;0,00
111442;129;-108;-472;296640;0,00
111486;129;-108;-472;296640;0,00
111530;131;-107;-473;296640;0,00
111575;131;-107;-473;296640;0,00
111619;131;-107;-474;296640;0,00
111664;131;-107;-474;296640;0,00
111710;131;-108;-473;296640;0,00
111754;131;-108;-473;296640;0,00
111799;131;-108;-473;296640;0,00
111843;130;-109;-473;296640;0,00
111888;130;-109;-473;296640;0,00
111932;130;-108;-472;296640;0,00
111977;130;-108;-472;296640;0,00
112021;130;-108;-473;296640;0,00
112066;130;-108;-473;296640;0,00
112110;130;-107;-474;296640;0,00
112155;130;-107;-474;296640;0,00
112200;130;-107;-474;296640;0,00
112244;130;-107;-473;296640;0,00
